{
  "__type__": "cc.SpriteFrame",
  "content": {
    "name": "SymbolGlow_02",
    "atlas": "",
    "rect": {
      "x": 9,
      "y": 9,
      "width": 22,
      "height": 23
    },
    "offset": {
      "x": 0,
      "y": -0.5
    },
    "originalSize": {
      "width": 40,
      "height": 40
    },
    "rotated": false,
    "capInsets": [
      0,
      0,
      0,
      0
    ],
    "vertices": {
      "rawPosition": [
        -11,
        -11.5,
        0,
        11,
        -11.5,
        0,
        -11,
        11.5,
        0,
        11,
        11.5,
        0
      ],
      "indexes": [
        0,
        1,
        2,
        2,
        1,
        3
      ],
      "uv": [
        9,
        31,
        31,
        31,
        9,
        8,
        31,
        8
      ],
      "nuv": [
        0.225,
        0.2,
        0.775,
        0.2,
        0.225,
        0.775,
        0.775,
        0.775
      ],
      "minPos": {
        "x": -11,
        "y": -11.5,
        "z": 0
      },
      "maxPos": {
        "x": 11,
        "y": 11.5,
        "z": 0
      }
    },
    "texture": "291a06e1-17b6-4ee4-a875-168e90c23de0@6c48a",
    "packable": true,
    "pixelsToUnit": 100,
    "pivot": {
      "x": 0.5,
      "y": 0.5
    },
    "meshType": 0
  }
}