{
  "__type__": "cc.SpriteFrame",
  "content": {
    "name": "FireWork01_05",
    "atlas": "",
    "rect": {
      "x": 19,
      "y": 22,
      "width": 40,
      "height": 34
    },
    "offset": {
      "x": -1,
      "y": 1
    },
    "originalSize": {
      "width": 80,
      "height": 80
    },
    "rotated": false,
    "capInsets": [
      0,
      0,
      0,
      0
    ],
    "vertices": {
      "rawPosition": [
        -20,
        -17,
        0,
        20,
        -17,
        0,
        -20,
        17,
        0,
        20,
        17,
        0
      ],
      "indexes": [
        0,
        1,
        2,
        2,
        1,
        3
      ],
      "uv": [
        19,
        58,
        59,
        58,
        19,
        24,
        59,
        24
      ],
      "nuv": [
        0.2375,
        0.3,
        0.7375,
        0.3,
        0.2375,
        0.725,
        0.7375,
        0.725
      ],
      "minPos": {
        "x": -20,
        "y": -17,
        "z": 0
      },
      "maxPos": {
        "x": 20,
        "y": 17,
        "z": 0
      }
    },
    "texture": "8830caf8-9c33-43e5-91ca-1040f26502ee@6c48a",
    "packable": true,
    "pixelsToUnit": 100,
    "pivot": {
      "x": 0.5,
      "y": 0.5
    },
    "meshType": 0
  }
}