{
  "__type__": "cc.SpriteFrame",
  "content": {
    "name": "FireWork01_03",
    "atlas": "",
    "rect": {
      "x": 25,
      "y": 27,
      "width": 29,
      "height": 25
    },
    "offset": {
      "x": -0.5,
      "y": 0.5
    },
    "originalSize": {
      "width": 80,
      "height": 80
    },
    "rotated": false,
    "capInsets": [
      0,
      0,
      0,
      0
    ],
    "vertices": {
      "rawPosition": [
        -14.5,
        -12.5,
        0,
        14.5,
        -12.5,
        0,
        -14.5,
        12.5,
        0,
        14.5,
        12.5,
        0
      ],
      "indexes": [
        0,
        1,
        2,
        2,
        1,
        3
      ],
      "uv": [
        25,
        53,
        54,
        53,
        25,
        28,
        54,
        28
      ],
      "nuv": [
        0.3125,
        0.35,
        0.675,
        0.35,
        0.3125,
        0.6625,
        0.675,
        0.6625
      ],
      "minPos": {
        "x": -14.5,
        "y": -12.5,
        "z": 0
      },
      "maxPos": {
        "x": 14.5,
        "y": 12.5,
        "z": 0
      }
    },
    "texture": "5e592611-a697-4393-a570-d4f2eb529c92@6c48a",
    "packable": true,
    "pixelsToUnit": 100,
    "pivot": {
      "x": 0.5,
      "y": 0.5
    },
    "meshType": 0
  }
}