{
  "__type__": "cc.SpriteFrame",
  "content": {
    "name": "FireWork01_09",
    "atlas": "",
    "rect": {
      "x": 11,
      "y": 16,
      "width": 53,
      "height": 50
    },
    "offset": {
      "x": -2.5,
      "y": -1
    },
    "originalSize": {
      "width": 80,
      "height": 80
    },
    "rotated": false,
    "capInsets": [
      0,
      0,
      0,
      0
    ],
    "vertices": {
      "rawPosition": [
        -26.5,
        -25,
        0,
        26.5,
        -25,
        0,
        -26.5,
        25,
        0,
        26.5,
        25,
        0
      ],
      "indexes": [
        0,
        1,
        2,
        2,
        1,
        3
      ],
      "uv": [
        11,
        64,
        64,
        64,
        11,
        14,
        64,
        14
      ],
      "nuv": [
        0.1375,
        0.175,
        0.8,
        0.175,
        0.1375,
        0.8,
        0.8,
        0.8
      ],
      "minPos": {
        "x": -26.5,
        "y": -25,
        "z": 0
      },
      "maxPos": {
        "x": 26.5,
        "y": 25,
        "z": 0
      }
    },
    "texture": "8c5ac21a-642f-4ce0-8f6e-4c33b9037bf1@6c48a",
    "packable": true,
    "pixelsToUnit": 100,
    "pivot": {
      "x": 0.5,
      "y": 0.5
    },
    "meshType": 0
  }
}