{
  "__type__": "cc.SpriteFrame",
  "content": {
    "name": "FireWork01_13",
    "atlas": "",
    "rect": {
      "x": 11,
      "y": 16,
      "width": 52,
      "height": 49
    },
    "offset": {
      "x": -3,
      "y": -0.5
    },
    "originalSize": {
      "width": 80,
      "height": 80
    },
    "rotated": false,
    "capInsets": [
      0,
      0,
      0,
      0
    ],
    "vertices": {
      "rawPosition": [
        -26,
        -24.5,
        0,
        26,
        -24.5,
        0,
        -26,
        24.5,
        0,
        26,
        24.5,
        0
      ],
      "indexes": [
        0,
        1,
        2,
        2,
        1,
        3
      ],
      "uv": [
        11,
        64,
        63,
        64,
        11,
        15,
        63,
        15
      ],
      "nuv": [
        0.1375,
        0.1875,
        0.7875,
        0.1875,
        0.1375,
        0.8,
        0.7875,
        0.8
      ],
      "minPos": {
        "x": -26,
        "y": -24.5,
        "z": 0
      },
      "maxPos": {
        "x": 26,
        "y": 24.5,
        "z": 0
      }
    },
    "texture": "05d26157-8e76-4c6d-a6e3-6f66828f2da1@6c48a",
    "packable": true,
    "pixelsToUnit": 100,
    "pivot": {
      "x": 0.5,
      "y": 0.5
    },
    "meshType": 0
  }
}