{
  "__type__": "cc.SpriteFrame",
  "content": {
    "name": "FireWork01_07",
    "atlas": "",
    "rect": {
      "x": 15,
      "y": 18,
      "width": 47,
      "height": 43
    },
    "offset": {
      "x": -1.5,
      "y": 0.5
    },
    "originalSize": {
      "width": 80,
      "height": 80
    },
    "rotated": false,
    "capInsets": [
      0,
      0,
      0,
      0
    ],
    "vertices": {
      "rawPosition": [
        -23.5,
        -21.5,
        0,
        23.5,
        -21.5,
        0,
        -23.5,
        21.5,
        0,
        23.5,
        21.5,
        0
      ],
      "indexes": [
        0,
        1,
        2,
        2,
        1,
        3
      ],
      "uv": [
        15,
        62,
        62,
        62,
        15,
        19,
        62,
        19
      ],
      "nuv": [
        0.1875,
        0.2375,
        0.775,
        0.2375,
        0.1875,
        0.775,
        0.775,
        0.775
      ],
      "minPos": {
        "x": -23.5,
        "y": -21.5,
        "z": 0
      },
      "maxPos": {
        "x": 23.5,
        "y": 21.5,
        "z": 0
      }
    },
    "texture": "b9a5adf6-9231-4e5c-a928-c98967863ab6@6c48a",
    "packable": true,
    "pixelsToUnit": 100,
    "pivot": {
      "x": 0.5,
      "y": 0.5
    },
    "meshType": 0
  }
}