{
  "__type__": "cc.SpriteFrame",
  "content": {
    "name": "FireWork01_08",
    "atlas": "",
    "rect": {
      "x": 13,
      "y": 17,
      "width": 50,
      "height": 47
    },
    "offset": {
      "x": -2,
      "y": -0.5
    },
    "originalSize": {
      "width": 80,
      "height": 80
    },
    "rotated": false,
    "capInsets": [
      0,
      0,
      0,
      0
    ],
    "vertices": {
      "rawPosition": [
        -25,
        -23.5,
        0,
        25,
        -23.5,
        0,
        -25,
        23.5,
        0,
        25,
        23.5,
        0
      ],
      "indexes": [
        0,
        1,
        2,
        2,
        1,
        3
      ],
      "uv": [
        13,
        63,
        63,
        63,
        13,
        16,
        63,
        16
      ],
      "nuv": [
        0.1625,
        0.2,
        0.7875,
        0.2,
        0.1625,
        0.7875,
        0.7875,
        0.7875
      ],
      "minPos": {
        "x": -25,
        "y": -23.5,
        "z": 0
      },
      "maxPos": {
        "x": 25,
        "y": 23.5,
        "z": 0
      }
    },
    "texture": "44070db6-8199-4cac-8e8b-97d8c703b1d4@6c48a",
    "packable": true,
    "pixelsToUnit": 100,
    "pivot": {
      "x": 0.5,
      "y": 0.5
    },
    "meshType": 0
  }
}