{
  "__type__": "cc.SpriteFrame",
  "content": {
    "name": "FireWork01_02",
    "atlas": "",
    "rect": {
      "x": 28,
      "y": 29,
      "width": 24,
      "height": 21
    },
    "offset": {
      "x": 0,
      "y": 0.5
    },
    "originalSize": {
      "width": 80,
      "height": 80
    },
    "rotated": false,
    "capInsets": [
      0,
      0,
      0,
      0
    ],
    "vertices": {
      "rawPosition": [
        -12,
        -10.5,
        0,
        12,
        -10.5,
        0,
        -12,
        10.5,
        0,
        12,
        10.5,
        0
      ],
      "indexes": [
        0,
        1,
        2,
        2,
        1,
        3
      ],
      "uv": [
        28,
        51,
        52,
        51,
        28,
        30,
        52,
        30
      ],
      "nuv": [
        0.35,
        0.375,
        0.65,
        0.375,
        0.35,
        0.6375,
        0.65,
        0.6375
      ],
      "minPos": {
        "x": -12,
        "y": -10.5,
        "z": 0
      },
      "maxPos": {
        "x": 12,
        "y": 10.5,
        "z": 0
      }
    },
    "texture": "44dd74f8-a39b-4718-b3ea-b04a56b16ce3@6c48a",
    "packable": true,
    "pixelsToUnit": 100,
    "pivot": {
      "x": 0.5,
      "y": 0.5
    },
    "meshType": 0
  }
}