{
  "934a1f62-3e89-44ed-adb8-f55f3e07ee27": {
    "url": "db://assets/scene",
    "value": {}
  },
  "072ae47b-4afd-4383-adfe-5674de0fda94": {
    "url": "db://assets/script",
    "value": {}
  },
  "f49a1535-c16c-426c-90ba-13262afe91ca": {
    "url": "db://assets/scene/Module1.scene",
    "value": {}
  },
  "a106aa63-cad5-4866-90ca-360a487675af": {
    "url": "db://assets/script/Module1",
    "value": {}
  },
  "2be19e7b-f8b9-42eb-8160-fdcadf834c1e": {
    "url": "db://assets/script/Module1/Dragable.ts",
    "value": {}
  },
  "7106d7fd-3c39-4936-92dd-457b3cb5a3f5": {
    "url": "db://assets/script/NodeExtension.ts",
    "value": {}
  },
  "54adb552-4379-425e-8a49-286935b8c171": {
    "url": "db://assets/scene/Module2.scene",
    "value": {}
  },
  "396159bb-b041-44c1-961c-c69ca284f7b2": {
    "url": "db://assets/script/Module2",
    "value": {}
  },
  "ceb5a8a4-5fbf-4469-bdea-fa86f51c4c9f": {
    "url": "db://assets/script/Module2/CurrentTime.ts",
    "value": {}
  },
  "fa693aac-a98d-400e-a2d3-504537f57e1a": {
    "url": "db://assets/script/Module2/RadialProgress.ts",
    "value": {}
  },
  "f125b995-17b7-47fa-8f96-9baa269a36e6": {
    "url": "db://assets/script/Module2/Timer.ts",
    "value": {}
  },
  "0a1d042d-16ba-4956-aede-617cee4dae21": {
    "url": "db://assets/scene/Module3.scene",
    "value": {}
  },
  "f094f4bd-f3f3-4377-922e-1979ef06155b": {
    "url": "db://assets/script/Module3",
    "value": {}
  },
  "0851bbde-e49a-492a-a5b0-1507bec7c986": {
    "url": "db://assets/script/Module3/Marquee.ts",
    "value": {}
  },
  "921fbb20-0b0d-41d0-9b30-f35ab47af102": {
    "url": "db://assets/scene/Module4.scene",
    "value": {}
  },
  "72eadb02-518b-4af9-9174-aeb21b9e64dd": {
    "url": "db://assets/script/Module4",
    "value": {}
  },
  "49d8446a-dd2c-47ad-984b-30debbfd9c8d": {
    "url": "db://assets/script/Module4/NumberFormatter.ts",
    "value": {}
  },
  "8a217fe5-6ca6-4544-baa8-66caacfd69e4": {
    "url": "db://assets/script/Module4/RunningMeter.ts",
    "value": {}
  },
  "b1ead89d-ae16-4c5c-be91-67c76cc70933": {
    "url": "db://assets/script/Module4/RangeSlider.ts",
    "value": {}
  },
  "72b0c67a-fc5f-4a6e-a1fd-219194fd22eb": {
    "url": "db://assets/script/Module5",
    "value": {}
  },
  "1fcb9674-180f-4c2e-ad21-4a64ca201d0f": {
    "url": "db://assets/script/Module5/LoopPageView.ts",
    "value": {}
  },
  "66781b7b-5de3-45bd-9ff2-bf12cc6f89a2": {
    "url": "db://assets/scene/Module5.scene",
    "value": {}
  },
  "10189223-360e-4be6-859c-cb5ef5ea4d4a": {
    "url": "db://assets/script/Module6",
    "value": {}
  },
  "c4617af0-5df1-41d4-a307-558a6d87c3c9": {
    "url": "db://assets/scene/Module6.scene",
    "value": {}
  },
  "b80e7463-da67-4680-ba4a-bcf0597f9e9f": {
    "url": "db://assets/script/Module6/InfiniteScrollView.ts",
    "value": {}
  },
  "0ad3a676-d43c-42b1-8145-1c2f89f3946d": {
    "url": "db://assets/scene/MainScene.scene",
    "value": {
      "depends": [
        "0ad3a676-d43c-42b1-8145-1c2f89f3946d",
        "7d8f9b89-4fd1-4c9f-a3ab-38ec7cded7ca@f9941",
        "7d8f9b89-4fd1-4c9f-a3ab-38ec7cded7ca@f9941",
        "7d8f9b89-4fd1-4c9f-a3ab-38ec7cded7ca@f9941",
        "7d8f9b89-4fd1-4c9f-a3ab-38ec7cded7ca@f9941",
        "7d8f9b89-4fd1-4c9f-a3ab-38ec7cded7ca@f9941",
        "7d8f9b89-4fd1-4c9f-a3ab-38ec7cded7ca@f9941",
        "7d8f9b89-4fd1-4c9f-a3ab-38ec7cded7ca@f9941",
        "7d8f9b89-4fd1-4c9f-a3ab-38ec7cded7ca@f9941",
        "7d8f9b89-4fd1-4c9f-a3ab-38ec7cded7ca@f9941",
        "7d8f9b89-4fd1-4c9f-a3ab-38ec7cded7ca@f9941",
        "7d8f9b89-4fd1-4c9f-a3ab-38ec7cded7ca@f9941",
        "5a3746a8-3fe3-467a-b2ac-3a16d5e096d5",
        "3694fb2e-6ee9-404d-9c14-d8ee9bb56a3b",
        "d8c8ad89-6b07-43f4-bdfc-94467c6eb4bb",
        "20835ba4-6145-4fbc-a58a-051ce700aa3e@f9941",
        "20835ba4-6145-4fbc-a58a-051ce700aa3e@f9941",
        "544e49d6-3f05-4fa8-9a9e-091f98fc2ce8@f9941",
        "951249e0-9f16-456d-8b85-a6ca954da16b@f9941",
        "20835ba4-6145-4fbc-a58a-051ce700aa3e@f9941",
        "0ad3a676-d43c-42b1-8145-1c2f89f3946d"
      ]
    }
  },
  "e46fa15b-2743-406d-8ecd-6b8d7721e73d": {
    "url": "db://assets/game",
    "value": {}
  },
  "363c1d31-78c4-453c-aa07-f1c437466b9f": {
    "url": "db://assets/Texture",
    "value": {}
  },
  "e957169a-ccda-450c-aa44-bba12c6e5655": {
    "url": "db://assets/game/Plist",
    "value": {}
  },
  "85409b37-8cbf-4fc1-ab5b-f1340d4ee9fc": {
    "url": "db://assets/game/Script",
    "value": {}
  },
  "7952a2c3-85e2-4ce1-8e35-44d7cc412efe": {
    "url": "db://assets/Texture/Gem3",
    "value": {}
  },
  "79845278-70c0-4263-8e21-437f14cdffa3": {
    "url": "db://assets/game/Plist/Symbols",
    "value": {}
  },
  "cd42f3bb-d168-4dd6-be52-525880f8203b": {
    "url": "db://assets/Texture/Gem3/Prefabs",
    "value": {}
  },
  "578bf1b2-9ef8-4b34-ac22-f006689a90f9": {
    "url": "db://assets/Texture/Gem3/Prefabs/Animation",
    "value": {}
  },
  "b3fa8857-6d14-4eb7-8d06-0d8bf765a090": {
    "url": "db://assets/Texture/Gem3/Prefabs/SymbolFX",
    "value": {}
  },
  "b97dc1c8-25b8-4bc5-8107-ff30405a67a2": {
    "url": "db://assets/Texture/Gem3/Prefabs/Animation/Gem4_action",
    "value": {}
  },
  "118e7920-d547-4dfe-b5d5-abf002b104df": {
    "url": "db://assets/Texture/Gem3/Prefabs/Animation/Gem5_action",
    "value": {}
  },
  "d236df1a-67f9-4d02-8d45-c679c829de01": {
    "url": "db://assets/Texture/Gem3/Prefabs/Animation/Gem6_action",
    "value": {}
  },
  "e06f7eeb-13fd-4392-ad73-d7b64982a2a3": {
    "url": "db://assets/Texture/Gem3/Prefabs/Animation/GemEffect_action",
    "value": {}
  },
  "4ce9a21e-8cd8-4418-ac5f-59cfcf81868f": {
    "url": "db://assets/Texture/Gem3/Prefabs/SymbolFX/Original",
    "value": {}
  },
  "a20bf2ac-17ea-4551-b5d4-88714532a2bd": {
    "url": "db://assets/Texture/Gem3/Prefabs/SymbolFX/Original/FireWork01",
    "value": {}
  },
  "c5857a51-ad37-4dfc-82ad-97b661690934": {
    "url": "db://assets/game/Script/Explode.ts",
    "value": {}
  },
  "0806b14e-2643-4987-b6a0-9b6fb3ee93e7": {
    "url": "db://assets/game/Plist/Symbols/Symbol00.png",
    "value": {
      "depends": []
    }
  },
  "d07b1264-cd8a-4383-b226-6df59a8a9ba7": {
    "url": "db://assets/game/Plist/Symbols/Symbol01.png",
    "value": {
      "depends": []
    }
  },
  "dd6dbaca-a534-43c5-b8a2-c8c7a51822a8": {
    "url": "db://assets/game/Plist/Symbols/Symbol02.png",
    "value": {
      "depends": []
    }
  },
  "18b11e41-e1ac-4561-bf36-6878e0a28b0a": {
    "url": "db://assets/game/Plist/Symbols/Symbol03.png",
    "value": {
      "depends": []
    }
  },
  "85dd7daf-47d8-4895-b719-26736d57eb28": {
    "url": "db://assets/game/Plist/Symbols/Symbol04.png",
    "value": {
      "depends": []
    }
  },
  "d07b1264-cd8a-4383-b226-6df59a8a9ba7@6c48a": {
    "url": "db://assets/game/Plist/Symbols/Symbol01.png@6c48a",
    "value": {
      "depends": [
        "d07b1264-cd8a-4383-b226-6df59a8a9ba7"
      ]
    }
  },
  "0806b14e-2643-4987-b6a0-9b6fb3ee93e7@6c48a": {
    "url": "db://assets/game/Plist/Symbols/Symbol00.png@6c48a",
    "value": {
      "depends": [
        "0806b14e-2643-4987-b6a0-9b6fb3ee93e7"
      ]
    }
  },
  "18b11e41-e1ac-4561-bf36-6878e0a28b0a@6c48a": {
    "url": "db://assets/game/Plist/Symbols/Symbol03.png@6c48a",
    "value": {
      "depends": [
        "18b11e41-e1ac-4561-bf36-6878e0a28b0a"
      ]
    }
  },
  "dd6dbaca-a534-43c5-b8a2-c8c7a51822a8@6c48a": {
    "url": "db://assets/game/Plist/Symbols/Symbol02.png@6c48a",
    "value": {
      "depends": [
        "dd6dbaca-a534-43c5-b8a2-c8c7a51822a8"
      ]
    }
  },
  "85dd7daf-47d8-4895-b719-26736d57eb28@6c48a": {
    "url": "db://assets/game/Plist/Symbols/Symbol04.png@6c48a",
    "value": {
      "depends": [
        "85dd7daf-47d8-4895-b719-26736d57eb28"
      ]
    }
  },
  "dd6dbaca-a534-43c5-b8a2-c8c7a51822a8@f9941": {
    "url": "db://assets/game/Plist/Symbols/Symbol02.png@f9941",
    "value": {
      "depends": [
        "dd6dbaca-a534-43c5-b8a2-c8c7a51822a8@6c48a"
      ]
    }
  },
  "40258d33-a63c-45ed-9c07-f656a3fccab2": {
    "url": "db://assets/game/Plist/Symbols/Symbol05.png",
    "value": {
      "depends": []
    }
  },
  "0806b14e-2643-4987-b6a0-9b6fb3ee93e7@f9941": {
    "url": "db://assets/game/Plist/Symbols/Symbol00.png@f9941",
    "value": {
      "depends": [
        "0806b14e-2643-4987-b6a0-9b6fb3ee93e7@6c48a"
      ]
    }
  },
  "67de0104-650e-4855-9501-85aa3ffa3d08": {
    "url": "db://assets/game/Plist/Symbols/Symbol06.png",
    "value": {
      "depends": []
    }
  },
  "d07b1264-cd8a-4383-b226-6df59a8a9ba7@f9941": {
    "url": "db://assets/game/Plist/Symbols/Symbol01.png@f9941",
    "value": {
      "depends": [
        "d07b1264-cd8a-4383-b226-6df59a8a9ba7@6c48a"
      ]
    }
  },
  "18b11e41-e1ac-4561-bf36-6878e0a28b0a@f9941": {
    "url": "db://assets/game/Plist/Symbols/Symbol03.png@f9941",
    "value": {
      "depends": [
        "18b11e41-e1ac-4561-bf36-6878e0a28b0a@6c48a"
      ]
    }
  },
  "a5a16f94-3d13-4f47-a52a-209573d45bc8": {
    "url": "db://assets/game/Plist/Symbols/Symbol20.png",
    "value": {}
  },
  "55ea1f47-1bae-436c-a38f-a58e84ccaa33": {
    "url": "db://assets/game/Plist/Symbols/SymbolGlow_00.png",
    "value": {
      "depends": []
    }
  },
  "85dd7daf-47d8-4895-b719-26736d57eb28@f9941": {
    "url": "db://assets/game/Plist/Symbols/Symbol04.png@f9941",
    "value": {
      "depends": [
        "85dd7daf-47d8-4895-b719-26736d57eb28@6c48a"
      ]
    }
  },
  "d7a84b43-bf61-4b79-a5bd-65a72d1b284c": {
    "url": "db://assets/game/Plist/Symbols/SymbolGlow_01.png",
    "value": {
      "depends": []
    }
  },
  "40258d33-a63c-45ed-9c07-f656a3fccab2@6c48a": {
    "url": "db://assets/game/Plist/Symbols/Symbol05.png@6c48a",
    "value": {
      "depends": [
        "40258d33-a63c-45ed-9c07-f656a3fccab2"
      ]
    }
  },
  "a5a16f94-3d13-4f47-a52a-209573d45bc8@6c48a": {
    "url": "db://assets/game/Plist/Symbols/Symbol20.png@6c48a",
    "value": {
      "depends": [
        "a5a16f94-3d13-4f47-a52a-209573d45bc8"
      ]
    }
  },
  "67de0104-650e-4855-9501-85aa3ffa3d08@6c48a": {
    "url": "db://assets/game/Plist/Symbols/Symbol06.png@6c48a",
    "value": {
      "depends": [
        "67de0104-650e-4855-9501-85aa3ffa3d08"
      ]
    }
  },
  "55ea1f47-1bae-436c-a38f-a58e84ccaa33@6c48a": {
    "url": "db://assets/game/Plist/Symbols/SymbolGlow_00.png@6c48a",
    "value": {
      "depends": [
        "55ea1f47-1bae-436c-a38f-a58e84ccaa33"
      ]
    }
  },
  "a5a16f94-3d13-4f47-a52a-209573d45bc8@f9941": {
    "url": "db://assets/game/Plist/Symbols/Symbol20.png@f9941",
    "value": {
      "depends": [
        "a5a16f94-3d13-4f47-a52a-209573d45bc8@6c48a"
      ]
    }
  },
  "291a06e1-17b6-4ee4-a875-168e90c23de0": {
    "url": "db://assets/game/Plist/Symbols/SymbolGlow_02.png",
    "value": {
      "depends": []
    }
  },
  "d7a84b43-bf61-4b79-a5bd-65a72d1b284c@6c48a": {
    "url": "db://assets/game/Plist/Symbols/SymbolGlow_01.png@6c48a",
    "value": {
      "depends": [
        "d7a84b43-bf61-4b79-a5bd-65a72d1b284c"
      ]
    }
  },
  "67de0104-650e-4855-9501-85aa3ffa3d08@f9941": {
    "url": "db://assets/game/Plist/Symbols/Symbol06.png@f9941",
    "value": {
      "depends": [
        "67de0104-650e-4855-9501-85aa3ffa3d08@6c48a"
      ]
    }
  },
  "5539827f-1f43-4cf8-b613-36962cf575bb": {
    "url": "db://assets/game/Plist/Symbols/SymbolGlow_03.png",
    "value": {
      "depends": []
    }
  },
  "40258d33-a63c-45ed-9c07-f656a3fccab2@f9941": {
    "url": "db://assets/game/Plist/Symbols/Symbol05.png@f9941",
    "value": {
      "depends": [
        "40258d33-a63c-45ed-9c07-f656a3fccab2@6c48a"
      ]
    }
  },
  "f16f8877-c9fa-49c4-9204-1051c5de63ba": {
    "url": "db://assets/game/Plist/Symbols/SymbolGlow_04.png",
    "value": {
      "depends": []
    }
  },
  "55ea1f47-1bae-436c-a38f-a58e84ccaa33@f9941": {
    "url": "db://assets/game/Plist/Symbols/SymbolGlow_00.png@f9941",
    "value": {
      "depends": [
        "55ea1f47-1bae-436c-a38f-a58e84ccaa33@6c48a"
      ]
    }
  },
  "54ad8ec0-2a1a-4015-90b2-7e37fc05c53a": {
    "url": "db://assets/game/Plist/Symbols/SymbolGlow_05.png",
    "value": {
      "depends": []
    }
  },
  "d7a84b43-bf61-4b79-a5bd-65a72d1b284c@f9941": {
    "url": "db://assets/game/Plist/Symbols/SymbolGlow_01.png@f9941",
    "value": {
      "depends": [
        "d7a84b43-bf61-4b79-a5bd-65a72d1b284c@6c48a"
      ]
    }
  },
  "b4763810-23ee-4635-a8e4-46f106af8f70": {
    "url": "db://assets/game/Plist/Symbols/SymbolGlow_06.png",
    "value": {
      "depends": []
    }
  },
  "291a06e1-17b6-4ee4-a875-168e90c23de0@6c48a": {
    "url": "db://assets/game/Plist/Symbols/SymbolGlow_02.png@6c48a",
    "value": {
      "depends": [
        "291a06e1-17b6-4ee4-a875-168e90c23de0"
      ]
    }
  },
  "5539827f-1f43-4cf8-b613-36962cf575bb@6c48a": {
    "url": "db://assets/game/Plist/Symbols/SymbolGlow_03.png@6c48a",
    "value": {
      "depends": [
        "5539827f-1f43-4cf8-b613-36962cf575bb"
      ]
    }
  },
  "f16f8877-c9fa-49c4-9204-1051c5de63ba@6c48a": {
    "url": "db://assets/game/Plist/Symbols/SymbolGlow_04.png@6c48a",
    "value": {
      "depends": [
        "f16f8877-c9fa-49c4-9204-1051c5de63ba"
      ]
    }
  },
  "54ad8ec0-2a1a-4015-90b2-7e37fc05c53a@6c48a": {
    "url": "db://assets/game/Plist/Symbols/SymbolGlow_05.png@6c48a",
    "value": {
      "depends": [
        "54ad8ec0-2a1a-4015-90b2-7e37fc05c53a"
      ]
    }
  },
  "291a06e1-17b6-4ee4-a875-168e90c23de0@f9941": {
    "url": "db://assets/game/Plist/Symbols/SymbolGlow_02.png@f9941",
    "value": {
      "depends": [
        "291a06e1-17b6-4ee4-a875-168e90c23de0@6c48a"
      ]
    }
  },
  "557505eb-ffa3-43e0-8daa-3797cf7ceea4": {
    "url": "db://assets/game/Plist/Symbols/SymbolGlow_07.png",
    "value": {
      "depends": []
    }
  },
  "b4763810-23ee-4635-a8e4-46f106af8f70@6c48a": {
    "url": "db://assets/game/Plist/Symbols/SymbolGlow_06.png@6c48a",
    "value": {
      "depends": [
        "b4763810-23ee-4635-a8e4-46f106af8f70"
      ]
    }
  },
  "5539827f-1f43-4cf8-b613-36962cf575bb@f9941": {
    "url": "db://assets/game/Plist/Symbols/SymbolGlow_03.png@f9941",
    "value": {
      "depends": [
        "5539827f-1f43-4cf8-b613-36962cf575bb@6c48a"
      ]
    }
  },
  "d8c8ad89-6b07-43f4-bdfc-94467c6eb4bb": {
    "url": "db://assets/Texture/Gem3/Prefabs/Gem4.prefab",
    "value": {
      "depends": [
        "d954705e-42a0-4c31-9d59-44b9f3b43a62@f9941",
        "a74ce2c3-2339-495d-b765-9cd046b688f2@f9941",
        "b65f38fe-8b27-4437-86b7-a9f90c337541@f9941",
        "ad54c806-3c77-441a-af30-5d101d1e97ce@f9941",
        "e78cd11a-4370-4f35-8f9c-586155fd6157@f9941",
        "a74ce2c3-2339-495d-b765-9cd046b688f2@f9941",
        "adcc85b0-8830-4e4d-9ac7-69b55e7983f0@f9941",
        "ac9c15f4-2523-4462-96dd-44871296cbda@f9941",
        "ac9c15f4-2523-4462-96dd-44871296cbda@f9941",
        "ac9c15f4-2523-4462-96dd-44871296cbda@f9941",
        "ac9c15f4-2523-4462-96dd-44871296cbda@f9941",
        "ac9c15f4-2523-4462-96dd-44871296cbda@f9941",
        "ac9c15f4-2523-4462-96dd-44871296cbda@f9941",
        "44070db6-8199-4cac-8e8b-97d8c703b1d4@f9941",
        "03871516-eaa5-4437-9a82-e288451c323f",
        "708514fa-bf88-44ec-ad90-6ac01c7a452b",
        "14fa65db-70b9-4199-84c5-7b5f93f51590",
        "68132a7d-4d3e-4eba-a96e-b26e8c111fcd",
        "7d514c63-ad73-47c1-a922-135a56574d68",
        "1fdbbf80-9e51-48ca-a567-22b684b896a1",
        "03871516-eaa5-4437-9a82-e288451c323f"
      ]
    }
  },
  "54ad8ec0-2a1a-4015-90b2-7e37fc05c53a@f9941": {
    "url": "db://assets/game/Plist/Symbols/SymbolGlow_05.png@f9941",
    "value": {
      "depends": [
        "54ad8ec0-2a1a-4015-90b2-7e37fc05c53a@6c48a"
      ]
    }
  },
  "3694fb2e-6ee9-404d-9c14-d8ee9bb56a3b": {
    "url": "db://assets/Texture/Gem3/Prefabs/GemEffect.prefab",
    "value": {
      "depends": [
        "0806b14e-2643-4987-b6a0-9b6fb3ee93e7@f9941",
        "55ea1f47-1bae-436c-a38f-a58e84ccaa33@f9941",
        "b401aaf2-4cc3-4ce6-8507-558dd417f1fc",
        "dfddbdbd-adf3-4884-ae5c-37e7f1968210",
        "b401aaf2-4cc3-4ce6-8507-558dd417f1fc",
        "d07b1264-cd8a-4383-b226-6df59a8a9ba7@f9941",
        "d7a84b43-bf61-4b79-a5bd-65a72d1b284c@f9941",
        "b401aaf2-4cc3-4ce6-8507-558dd417f1fc",
        "dfddbdbd-adf3-4884-ae5c-37e7f1968210",
        "b401aaf2-4cc3-4ce6-8507-558dd417f1fc",
        "dd6dbaca-a534-43c5-b8a2-c8c7a51822a8@f9941",
        "291a06e1-17b6-4ee4-a875-168e90c23de0@f9941",
        "b401aaf2-4cc3-4ce6-8507-558dd417f1fc",
        "dfddbdbd-adf3-4884-ae5c-37e7f1968210",
        "b401aaf2-4cc3-4ce6-8507-558dd417f1fc",
        "18b11e41-e1ac-4561-bf36-6878e0a28b0a@f9941",
        "5539827f-1f43-4cf8-b613-36962cf575bb@f9941",
        "b401aaf2-4cc3-4ce6-8507-558dd417f1fc",
        "dfddbdbd-adf3-4884-ae5c-37e7f1968210",
        "b401aaf2-4cc3-4ce6-8507-558dd417f1fc",
        "85dd7daf-47d8-4895-b719-26736d57eb28@f9941",
        "f16f8877-c9fa-49c4-9204-1051c5de63ba@f9941",
        "b401aaf2-4cc3-4ce6-8507-558dd417f1fc",
        "dfddbdbd-adf3-4884-ae5c-37e7f1968210",
        "b401aaf2-4cc3-4ce6-8507-558dd417f1fc",
        "67de0104-650e-4855-9501-85aa3ffa3d08@f9941",
        "b4763810-23ee-4635-a8e4-46f106af8f70@f9941",
        "b401aaf2-4cc3-4ce6-8507-558dd417f1fc",
        "dfddbdbd-adf3-4884-ae5c-37e7f1968210",
        "b401aaf2-4cc3-4ce6-8507-558dd417f1fc"
      ]
    }
  },
  "f16f8877-c9fa-49c4-9204-1051c5de63ba@f9941": {
    "url": "db://assets/game/Plist/Symbols/SymbolGlow_04.png@f9941",
    "value": {
      "depends": [
        "f16f8877-c9fa-49c4-9204-1051c5de63ba@6c48a"
      ]
    }
  },
  "03871516-eaa5-4437-9a82-e288451c323f": {
    "url": "db://assets/Texture/Gem3/Prefabs/Animation/Gem4_action/Gem4.anim",
    "value": {
      "depends": [
        "66f6f277-8702-4e66-95dc-4d4e5dc9a50e@f9941",
        "a40893f3-acc3-4b8e-92fe-be7d533bd200@f9941",
        "44dd74f8-a39b-4718-b3ea-b04a56b16ce3@f9941",
        "5e592611-a697-4393-a570-d4f2eb529c92@f9941",
        "abdf3735-ae5d-425a-8205-327ec87550e2@f9941",
        "8830caf8-9c33-43e5-91ca-1040f26502ee@f9941",
        "abf59023-1679-46eb-8533-8a9ec35f7281@f9941",
        "b9a5adf6-9231-4e5c-a928-c98967863ab6@f9941",
        "44070db6-8199-4cac-8e8b-97d8c703b1d4@f9941",
        "8c5ac21a-642f-4ce0-8f6e-4c33b9037bf1@f9941",
        "576679c0-fa4d-45fb-ab8c-9800bbbe8071@f9941",
        "c82013b0-b86b-4331-9536-49c0a730f701@f9941",
        "3fecf1cc-8b5b-4f15-a0c5-65dcb608f089@f9941",
        "05d26157-8e76-4c6d-a6e3-6f66828f2da1@f9941",
        "234bbfd9-b3ea-4a83-a7e2-a8c237cfd491@f9941"
      ]
    }
  },
  "b4763810-23ee-4635-a8e4-46f106af8f70@f9941": {
    "url": "db://assets/game/Plist/Symbols/SymbolGlow_06.png@f9941",
    "value": {
      "depends": [
        "b4763810-23ee-4635-a8e4-46f106af8f70@6c48a"
      ]
    }
  },
  "708514fa-bf88-44ec-ad90-6ac01c7a452b": {
    "url": "db://assets/Texture/Gem3/Prefabs/Animation/Gem4_action/Gem4_H.anim",
    "value": {
      "depends": [
        "66f6f277-8702-4e66-95dc-4d4e5dc9a50e@f9941",
        "a40893f3-acc3-4b8e-92fe-be7d533bd200@f9941",
        "44dd74f8-a39b-4718-b3ea-b04a56b16ce3@f9941",
        "5e592611-a697-4393-a570-d4f2eb529c92@f9941",
        "abdf3735-ae5d-425a-8205-327ec87550e2@f9941",
        "8830caf8-9c33-43e5-91ca-1040f26502ee@f9941",
        "abf59023-1679-46eb-8533-8a9ec35f7281@f9941",
        "b9a5adf6-9231-4e5c-a928-c98967863ab6@f9941",
        "44070db6-8199-4cac-8e8b-97d8c703b1d4@f9941",
        "8c5ac21a-642f-4ce0-8f6e-4c33b9037bf1@f9941",
        "576679c0-fa4d-45fb-ab8c-9800bbbe8071@f9941",
        "c82013b0-b86b-4331-9536-49c0a730f701@f9941",
        "3fecf1cc-8b5b-4f15-a0c5-65dcb608f089@f9941",
        "05d26157-8e76-4c6d-a6e3-6f66828f2da1@f9941",
        "234bbfd9-b3ea-4a83-a7e2-a8c237cfd491@f9941"
      ]
    }
  },
  "14fa65db-70b9-4199-84c5-7b5f93f51590": {
    "url": "db://assets/Texture/Gem3/Prefabs/Animation/Gem5_action/Gem5.anim",
    "value": {
      "depends": [
        "66f6f277-8702-4e66-95dc-4d4e5dc9a50e@f9941",
        "a40893f3-acc3-4b8e-92fe-be7d533bd200@f9941",
        "44dd74f8-a39b-4718-b3ea-b04a56b16ce3@f9941",
        "5e592611-a697-4393-a570-d4f2eb529c92@f9941",
        "abdf3735-ae5d-425a-8205-327ec87550e2@f9941",
        "8830caf8-9c33-43e5-91ca-1040f26502ee@f9941",
        "abf59023-1679-46eb-8533-8a9ec35f7281@f9941",
        "b9a5adf6-9231-4e5c-a928-c98967863ab6@f9941",
        "44070db6-8199-4cac-8e8b-97d8c703b1d4@f9941",
        "8c5ac21a-642f-4ce0-8f6e-4c33b9037bf1@f9941",
        "576679c0-fa4d-45fb-ab8c-9800bbbe8071@f9941",
        "c82013b0-b86b-4331-9536-49c0a730f701@f9941",
        "3fecf1cc-8b5b-4f15-a0c5-65dcb608f089@f9941",
        "05d26157-8e76-4c6d-a6e3-6f66828f2da1@f9941",
        "234bbfd9-b3ea-4a83-a7e2-a8c237cfd491@f9941"
      ]
    }
  },
  "557505eb-ffa3-43e0-8daa-3797cf7ceea4@6c48a": {
    "url": "db://assets/game/Plist/Symbols/SymbolGlow_07.png@6c48a",
    "value": {
      "depends": [
        "557505eb-ffa3-43e0-8daa-3797cf7ceea4"
      ]
    }
  },
  "68132a7d-4d3e-4eba-a96e-b26e8c111fcd": {
    "url": "db://assets/Texture/Gem3/Prefabs/Animation/Gem5_action/Gem5_H.anim",
    "value": {
      "depends": [
        "66f6f277-8702-4e66-95dc-4d4e5dc9a50e@f9941",
        "a40893f3-acc3-4b8e-92fe-be7d533bd200@f9941",
        "44dd74f8-a39b-4718-b3ea-b04a56b16ce3@f9941",
        "5e592611-a697-4393-a570-d4f2eb529c92@f9941",
        "abdf3735-ae5d-425a-8205-327ec87550e2@f9941",
        "8830caf8-9c33-43e5-91ca-1040f26502ee@f9941",
        "abf59023-1679-46eb-8533-8a9ec35f7281@f9941",
        "b9a5adf6-9231-4e5c-a928-c98967863ab6@f9941",
        "44070db6-8199-4cac-8e8b-97d8c703b1d4@f9941",
        "8c5ac21a-642f-4ce0-8f6e-4c33b9037bf1@f9941",
        "576679c0-fa4d-45fb-ab8c-9800bbbe8071@f9941",
        "c82013b0-b86b-4331-9536-49c0a730f701@f9941",
        "3fecf1cc-8b5b-4f15-a0c5-65dcb608f089@f9941",
        "05d26157-8e76-4c6d-a6e3-6f66828f2da1@f9941",
        "234bbfd9-b3ea-4a83-a7e2-a8c237cfd491@f9941"
      ]
    }
  },
  "7d514c63-ad73-47c1-a922-135a56574d68": {
    "url": "db://assets/Texture/Gem3/Prefabs/Animation/Gem6_action/Gem6.anim",
    "value": {
      "depends": [
        "66f6f277-8702-4e66-95dc-4d4e5dc9a50e@f9941",
        "a40893f3-acc3-4b8e-92fe-be7d533bd200@f9941",
        "44dd74f8-a39b-4718-b3ea-b04a56b16ce3@f9941",
        "5e592611-a697-4393-a570-d4f2eb529c92@f9941",
        "abdf3735-ae5d-425a-8205-327ec87550e2@f9941",
        "8830caf8-9c33-43e5-91ca-1040f26502ee@f9941",
        "abf59023-1679-46eb-8533-8a9ec35f7281@f9941",
        "b9a5adf6-9231-4e5c-a928-c98967863ab6@f9941",
        "44070db6-8199-4cac-8e8b-97d8c703b1d4@f9941",
        "8c5ac21a-642f-4ce0-8f6e-4c33b9037bf1@f9941",
        "576679c0-fa4d-45fb-ab8c-9800bbbe8071@f9941",
        "c82013b0-b86b-4331-9536-49c0a730f701@f9941",
        "3fecf1cc-8b5b-4f15-a0c5-65dcb608f089@f9941",
        "05d26157-8e76-4c6d-a6e3-6f66828f2da1@f9941",
        "234bbfd9-b3ea-4a83-a7e2-a8c237cfd491@f9941"
      ]
    }
  },
  "1fdbbf80-9e51-48ca-a567-22b684b896a1": {
    "url": "db://assets/Texture/Gem3/Prefabs/Animation/Gem6_action/Gem6_H.anim",
    "value": {
      "depends": [
        "66f6f277-8702-4e66-95dc-4d4e5dc9a50e@f9941",
        "a40893f3-acc3-4b8e-92fe-be7d533bd200@f9941",
        "44dd74f8-a39b-4718-b3ea-b04a56b16ce3@f9941",
        "5e592611-a697-4393-a570-d4f2eb529c92@f9941",
        "abdf3735-ae5d-425a-8205-327ec87550e2@f9941",
        "8830caf8-9c33-43e5-91ca-1040f26502ee@f9941",
        "abf59023-1679-46eb-8533-8a9ec35f7281@f9941",
        "b9a5adf6-9231-4e5c-a928-c98967863ab6@f9941",
        "44070db6-8199-4cac-8e8b-97d8c703b1d4@f9941",
        "8c5ac21a-642f-4ce0-8f6e-4c33b9037bf1@f9941",
        "576679c0-fa4d-45fb-ab8c-9800bbbe8071@f9941",
        "c82013b0-b86b-4331-9536-49c0a730f701@f9941",
        "3fecf1cc-8b5b-4f15-a0c5-65dcb608f089@f9941",
        "05d26157-8e76-4c6d-a6e3-6f66828f2da1@f9941",
        "234bbfd9-b3ea-4a83-a7e2-a8c237cfd491@f9941"
      ]
    }
  },
  "557505eb-ffa3-43e0-8daa-3797cf7ceea4@f9941": {
    "url": "db://assets/game/Plist/Symbols/SymbolGlow_07.png@f9941",
    "value": {
      "depends": [
        "557505eb-ffa3-43e0-8daa-3797cf7ceea4@6c48a"
      ]
    }
  },
  "b401aaf2-4cc3-4ce6-8507-558dd417f1fc": {
    "url": "db://assets/Texture/Gem3/Prefabs/Animation/GemEffect_action/GemEffect.anim",
    "value": {
      "depends": []
    }
  },
  "dfddbdbd-adf3-4884-ae5c-37e7f1968210": {
    "url": "db://assets/Texture/Gem3/Prefabs/Animation/GemEffect_action/GemEffect_H.anim",
    "value": {
      "depends": []
    }
  },
  "d954705e-42a0-4c31-9d59-44b9f3b43a62": {
    "url": "db://assets/Texture/Gem3/Prefabs/SymbolFX/Original/CandyPaper01_00.png",
    "value": {
      "depends": []
    }
  },
  "e78cd11a-4370-4f35-8f9c-586155fd6157": {
    "url": "db://assets/Texture/Gem3/Prefabs/SymbolFX/Original/CandyPaper01_01.png",
    "value": {
      "depends": []
    }
  },
  "a74ce2c3-2339-495d-b765-9cd046b688f2": {
    "url": "db://assets/Texture/Gem3/Prefabs/SymbolFX/Original/CandyPaper01_02.png",
    "value": {
      "depends": []
    }
  },
  "ad54c806-3c77-441a-af30-5d101d1e97ce": {
    "url": "db://assets/Texture/Gem3/Prefabs/SymbolFX/Original/CandyPaper01_03.png",
    "value": {
      "depends": []
    }
  },
  "b65f38fe-8b27-4437-86b7-a9f90c337541": {
    "url": "db://assets/Texture/Gem3/Prefabs/SymbolFX/Original/CandyPaper01_04.png",
    "value": {
      "depends": []
    }
  },
  "e78cd11a-4370-4f35-8f9c-586155fd6157@6c48a": {
    "url": "db://assets/Texture/Gem3/Prefabs/SymbolFX/Original/CandyPaper01_01.png@6c48a",
    "value": {
      "depends": [
        "e78cd11a-4370-4f35-8f9c-586155fd6157"
      ]
    }
  },
  "ad54c806-3c77-441a-af30-5d101d1e97ce@6c48a": {
    "url": "db://assets/Texture/Gem3/Prefabs/SymbolFX/Original/CandyPaper01_03.png@6c48a",
    "value": {
      "depends": [
        "ad54c806-3c77-441a-af30-5d101d1e97ce"
      ]
    }
  },
  "a74ce2c3-2339-495d-b765-9cd046b688f2@6c48a": {
    "url": "db://assets/Texture/Gem3/Prefabs/SymbolFX/Original/CandyPaper01_02.png@6c48a",
    "value": {
      "depends": [
        "a74ce2c3-2339-495d-b765-9cd046b688f2"
      ]
    }
  },
  "b65f38fe-8b27-4437-86b7-a9f90c337541@6c48a": {
    "url": "db://assets/Texture/Gem3/Prefabs/SymbolFX/Original/CandyPaper01_04.png@6c48a",
    "value": {
      "depends": [
        "b65f38fe-8b27-4437-86b7-a9f90c337541"
      ]
    }
  },
  "d954705e-42a0-4c31-9d59-44b9f3b43a62@6c48a": {
    "url": "db://assets/Texture/Gem3/Prefabs/SymbolFX/Original/CandyPaper01_00.png@6c48a",
    "value": {
      "depends": [
        "d954705e-42a0-4c31-9d59-44b9f3b43a62"
      ]
    }
  },
  "e78cd11a-4370-4f35-8f9c-586155fd6157@f9941": {
    "url": "db://assets/Texture/Gem3/Prefabs/SymbolFX/Original/CandyPaper01_01.png@f9941",
    "value": {
      "depends": [
        "e78cd11a-4370-4f35-8f9c-586155fd6157@6c48a"
      ]
    }
  },
  "adcc85b0-8830-4e4d-9ac7-69b55e7983f0": {
    "url": "db://assets/Texture/Gem3/Prefabs/SymbolFX/Original/CircleColor01_00.png",
    "value": {
      "depends": []
    }
  },
  "b65f38fe-8b27-4437-86b7-a9f90c337541@f9941": {
    "url": "db://assets/Texture/Gem3/Prefabs/SymbolFX/Original/CandyPaper01_04.png@f9941",
    "value": {
      "depends": [
        "b65f38fe-8b27-4437-86b7-a9f90c337541@6c48a"
      ]
    }
  },
  "ac9c15f4-2523-4462-96dd-44871296cbda": {
    "url": "db://assets/Texture/Gem3/Prefabs/SymbolFX/Original/ClearStar_00.png",
    "value": {
      "depends": []
    }
  },
  "ad54c806-3c77-441a-af30-5d101d1e97ce@f9941": {
    "url": "db://assets/Texture/Gem3/Prefabs/SymbolFX/Original/CandyPaper01_03.png@f9941",
    "value": {
      "depends": [
        "ad54c806-3c77-441a-af30-5d101d1e97ce@6c48a"
      ]
    }
  },
  "66f6f277-8702-4e66-95dc-4d4e5dc9a50e": {
    "url": "db://assets/Texture/Gem3/Prefabs/SymbolFX/Original/FireWork01/FireWork01_00.png",
    "value": {
      "depends": []
    }
  },
  "a74ce2c3-2339-495d-b765-9cd046b688f2@f9941": {
    "url": "db://assets/Texture/Gem3/Prefabs/SymbolFX/Original/CandyPaper01_02.png@f9941",
    "value": {
      "depends": [
        "a74ce2c3-2339-495d-b765-9cd046b688f2@6c48a"
      ]
    }
  },
  "a40893f3-acc3-4b8e-92fe-be7d533bd200": {
    "url": "db://assets/Texture/Gem3/Prefabs/SymbolFX/Original/FireWork01/FireWork01_01.png",
    "value": {
      "depends": []
    }
  },
  "d954705e-42a0-4c31-9d59-44b9f3b43a62@f9941": {
    "url": "db://assets/Texture/Gem3/Prefabs/SymbolFX/Original/CandyPaper01_00.png@f9941",
    "value": {
      "depends": [
        "d954705e-42a0-4c31-9d59-44b9f3b43a62@6c48a"
      ]
    }
  },
  "44dd74f8-a39b-4718-b3ea-b04a56b16ce3": {
    "url": "db://assets/Texture/Gem3/Prefabs/SymbolFX/Original/FireWork01/FireWork01_02.png",
    "value": {
      "depends": []
    }
  },
  "adcc85b0-8830-4e4d-9ac7-69b55e7983f0@6c48a": {
    "url": "db://assets/Texture/Gem3/Prefabs/SymbolFX/Original/CircleColor01_00.png@6c48a",
    "value": {
      "depends": [
        "adcc85b0-8830-4e4d-9ac7-69b55e7983f0"
      ]
    }
  },
  "66f6f277-8702-4e66-95dc-4d4e5dc9a50e@6c48a": {
    "url": "db://assets/Texture/Gem3/Prefabs/SymbolFX/Original/FireWork01/FireWork01_00.png@6c48a",
    "value": {
      "depends": [
        "66f6f277-8702-4e66-95dc-4d4e5dc9a50e"
      ]
    }
  },
  "a40893f3-acc3-4b8e-92fe-be7d533bd200@6c48a": {
    "url": "db://assets/Texture/Gem3/Prefabs/SymbolFX/Original/FireWork01/FireWork01_01.png@6c48a",
    "value": {
      "depends": [
        "a40893f3-acc3-4b8e-92fe-be7d533bd200"
      ]
    }
  },
  "ac9c15f4-2523-4462-96dd-44871296cbda@6c48a": {
    "url": "db://assets/Texture/Gem3/Prefabs/SymbolFX/Original/ClearStar_00.png@6c48a",
    "value": {
      "depends": [
        "ac9c15f4-2523-4462-96dd-44871296cbda"
      ]
    }
  },
  "44dd74f8-a39b-4718-b3ea-b04a56b16ce3@6c48a": {
    "url": "db://assets/Texture/Gem3/Prefabs/SymbolFX/Original/FireWork01/FireWork01_02.png@6c48a",
    "value": {
      "depends": [
        "44dd74f8-a39b-4718-b3ea-b04a56b16ce3"
      ]
    }
  },
  "ac9c15f4-2523-4462-96dd-44871296cbda@f9941": {
    "url": "db://assets/Texture/Gem3/Prefabs/SymbolFX/Original/ClearStar_00.png@f9941",
    "value": {
      "depends": [
        "ac9c15f4-2523-4462-96dd-44871296cbda@6c48a"
      ]
    }
  },
  "5e592611-a697-4393-a570-d4f2eb529c92": {
    "url": "db://assets/Texture/Gem3/Prefabs/SymbolFX/Original/FireWork01/FireWork01_03.png",
    "value": {
      "depends": []
    }
  },
  "a40893f3-acc3-4b8e-92fe-be7d533bd200@f9941": {
    "url": "db://assets/Texture/Gem3/Prefabs/SymbolFX/Original/FireWork01/FireWork01_01.png@f9941",
    "value": {
      "depends": [
        "a40893f3-acc3-4b8e-92fe-be7d533bd200@6c48a"
      ]
    }
  },
  "abdf3735-ae5d-425a-8205-327ec87550e2": {
    "url": "db://assets/Texture/Gem3/Prefabs/SymbolFX/Original/FireWork01/FireWork01_04.png",
    "value": {
      "depends": []
    }
  },
  "66f6f277-8702-4e66-95dc-4d4e5dc9a50e@f9941": {
    "url": "db://assets/Texture/Gem3/Prefabs/SymbolFX/Original/FireWork01/FireWork01_00.png@f9941",
    "value": {
      "depends": [
        "66f6f277-8702-4e66-95dc-4d4e5dc9a50e@6c48a"
      ]
    }
  },
  "8830caf8-9c33-43e5-91ca-1040f26502ee": {
    "url": "db://assets/Texture/Gem3/Prefabs/SymbolFX/Original/FireWork01/FireWork01_05.png",
    "value": {
      "depends": []
    }
  },
  "adcc85b0-8830-4e4d-9ac7-69b55e7983f0@f9941": {
    "url": "db://assets/Texture/Gem3/Prefabs/SymbolFX/Original/CircleColor01_00.png@f9941",
    "value": {
      "depends": [
        "adcc85b0-8830-4e4d-9ac7-69b55e7983f0@6c48a"
      ]
    }
  },
  "abf59023-1679-46eb-8533-8a9ec35f7281": {
    "url": "db://assets/Texture/Gem3/Prefabs/SymbolFX/Original/FireWork01/FireWork01_06.png",
    "value": {
      "depends": []
    }
  },
  "44dd74f8-a39b-4718-b3ea-b04a56b16ce3@f9941": {
    "url": "db://assets/Texture/Gem3/Prefabs/SymbolFX/Original/FireWork01/FireWork01_02.png@f9941",
    "value": {
      "depends": [
        "44dd74f8-a39b-4718-b3ea-b04a56b16ce3@6c48a"
      ]
    }
  },
  "b9a5adf6-9231-4e5c-a928-c98967863ab6": {
    "url": "db://assets/Texture/Gem3/Prefabs/SymbolFX/Original/FireWork01/FireWork01_07.png",
    "value": {
      "depends": []
    }
  },
  "5e592611-a697-4393-a570-d4f2eb529c92@6c48a": {
    "url": "db://assets/Texture/Gem3/Prefabs/SymbolFX/Original/FireWork01/FireWork01_03.png@6c48a",
    "value": {
      "depends": [
        "5e592611-a697-4393-a570-d4f2eb529c92"
      ]
    }
  },
  "8830caf8-9c33-43e5-91ca-1040f26502ee@6c48a": {
    "url": "db://assets/Texture/Gem3/Prefabs/SymbolFX/Original/FireWork01/FireWork01_05.png@6c48a",
    "value": {
      "depends": [
        "8830caf8-9c33-43e5-91ca-1040f26502ee"
      ]
    }
  },
  "abf59023-1679-46eb-8533-8a9ec35f7281@6c48a": {
    "url": "db://assets/Texture/Gem3/Prefabs/SymbolFX/Original/FireWork01/FireWork01_06.png@6c48a",
    "value": {
      "depends": [
        "abf59023-1679-46eb-8533-8a9ec35f7281"
      ]
    }
  },
  "abdf3735-ae5d-425a-8205-327ec87550e2@6c48a": {
    "url": "db://assets/Texture/Gem3/Prefabs/SymbolFX/Original/FireWork01/FireWork01_04.png@6c48a",
    "value": {
      "depends": [
        "abdf3735-ae5d-425a-8205-327ec87550e2"
      ]
    }
  },
  "5e592611-a697-4393-a570-d4f2eb529c92@f9941": {
    "url": "db://assets/Texture/Gem3/Prefabs/SymbolFX/Original/FireWork01/FireWork01_03.png@f9941",
    "value": {
      "depends": [
        "5e592611-a697-4393-a570-d4f2eb529c92@6c48a"
      ]
    }
  },
  "44070db6-8199-4cac-8e8b-97d8c703b1d4": {
    "url": "db://assets/Texture/Gem3/Prefabs/SymbolFX/Original/FireWork01/FireWork01_08.png",
    "value": {
      "depends": []
    }
  },
  "8830caf8-9c33-43e5-91ca-1040f26502ee@f9941": {
    "url": "db://assets/Texture/Gem3/Prefabs/SymbolFX/Original/FireWork01/FireWork01_05.png@f9941",
    "value": {
      "depends": [
        "8830caf8-9c33-43e5-91ca-1040f26502ee@6c48a"
      ]
    }
  },
  "8c5ac21a-642f-4ce0-8f6e-4c33b9037bf1": {
    "url": "db://assets/Texture/Gem3/Prefabs/SymbolFX/Original/FireWork01/FireWork01_09.png",
    "value": {
      "depends": []
    }
  },
  "b9a5adf6-9231-4e5c-a928-c98967863ab6@6c48a": {
    "url": "db://assets/Texture/Gem3/Prefabs/SymbolFX/Original/FireWork01/FireWork01_07.png@6c48a",
    "value": {
      "depends": [
        "b9a5adf6-9231-4e5c-a928-c98967863ab6"
      ]
    }
  },
  "abf59023-1679-46eb-8533-8a9ec35f7281@f9941": {
    "url": "db://assets/Texture/Gem3/Prefabs/SymbolFX/Original/FireWork01/FireWork01_06.png@f9941",
    "value": {
      "depends": [
        "abf59023-1679-46eb-8533-8a9ec35f7281@6c48a"
      ]
    }
  },
  "576679c0-fa4d-45fb-ab8c-9800bbbe8071": {
    "url": "db://assets/Texture/Gem3/Prefabs/SymbolFX/Original/FireWork01/FireWork01_10.png",
    "value": {
      "depends": []
    }
  },
  "abdf3735-ae5d-425a-8205-327ec87550e2@f9941": {
    "url": "db://assets/Texture/Gem3/Prefabs/SymbolFX/Original/FireWork01/FireWork01_04.png@f9941",
    "value": {
      "depends": [
        "abdf3735-ae5d-425a-8205-327ec87550e2@6c48a"
      ]
    }
  },
  "c82013b0-b86b-4331-9536-49c0a730f701": {
    "url": "db://assets/Texture/Gem3/Prefabs/SymbolFX/Original/FireWork01/FireWork01_11.png",
    "value": {
      "depends": []
    }
  },
  "44070db6-8199-4cac-8e8b-97d8c703b1d4@6c48a": {
    "url": "db://assets/Texture/Gem3/Prefabs/SymbolFX/Original/FireWork01/FireWork01_08.png@6c48a",
    "value": {
      "depends": [
        "44070db6-8199-4cac-8e8b-97d8c703b1d4"
      ]
    }
  },
  "8c5ac21a-642f-4ce0-8f6e-4c33b9037bf1@6c48a": {
    "url": "db://assets/Texture/Gem3/Prefabs/SymbolFX/Original/FireWork01/FireWork01_09.png@6c48a",
    "value": {
      "depends": [
        "8c5ac21a-642f-4ce0-8f6e-4c33b9037bf1"
      ]
    }
  },
  "576679c0-fa4d-45fb-ab8c-9800bbbe8071@6c48a": {
    "url": "db://assets/Texture/Gem3/Prefabs/SymbolFX/Original/FireWork01/FireWork01_10.png@6c48a",
    "value": {
      "depends": [
        "576679c0-fa4d-45fb-ab8c-9800bbbe8071"
      ]
    }
  },
  "b9a5adf6-9231-4e5c-a928-c98967863ab6@f9941": {
    "url": "db://assets/Texture/Gem3/Prefabs/SymbolFX/Original/FireWork01/FireWork01_07.png@f9941",
    "value": {
      "depends": [
        "b9a5adf6-9231-4e5c-a928-c98967863ab6@6c48a"
      ]
    }
  },
  "c82013b0-b86b-4331-9536-49c0a730f701@6c48a": {
    "url": "db://assets/Texture/Gem3/Prefabs/SymbolFX/Original/FireWork01/FireWork01_11.png@6c48a",
    "value": {
      "depends": [
        "c82013b0-b86b-4331-9536-49c0a730f701"
      ]
    }
  },
  "3fecf1cc-8b5b-4f15-a0c5-65dcb608f089": {
    "url": "db://assets/Texture/Gem3/Prefabs/SymbolFX/Original/FireWork01/FireWork01_12.png",
    "value": {
      "depends": []
    }
  },
  "44070db6-8199-4cac-8e8b-97d8c703b1d4@f9941": {
    "url": "db://assets/Texture/Gem3/Prefabs/SymbolFX/Original/FireWork01/FireWork01_08.png@f9941",
    "value": {
      "depends": [
        "44070db6-8199-4cac-8e8b-97d8c703b1d4@6c48a"
      ]
    }
  },
  "05d26157-8e76-4c6d-a6e3-6f66828f2da1": {
    "url": "db://assets/Texture/Gem3/Prefabs/SymbolFX/Original/FireWork01/FireWork01_13.png",
    "value": {
      "depends": []
    }
  },
  "8c5ac21a-642f-4ce0-8f6e-4c33b9037bf1@f9941": {
    "url": "db://assets/Texture/Gem3/Prefabs/SymbolFX/Original/FireWork01/FireWork01_09.png@f9941",
    "value": {
      "depends": [
        "8c5ac21a-642f-4ce0-8f6e-4c33b9037bf1@6c48a"
      ]
    }
  },
  "234bbfd9-b3ea-4a83-a7e2-a8c237cfd491": {
    "url": "db://assets/Texture/Gem3/Prefabs/SymbolFX/Original/FireWork01/FireWork01_14.png",
    "value": {
      "depends": []
    }
  },
  "576679c0-fa4d-45fb-ab8c-9800bbbe8071@f9941": {
    "url": "db://assets/Texture/Gem3/Prefabs/SymbolFX/Original/FireWork01/FireWork01_10.png@f9941",
    "value": {
      "depends": [
        "576679c0-fa4d-45fb-ab8c-9800bbbe8071@6c48a"
      ]
    }
  },
  "c82013b0-b86b-4331-9536-49c0a730f701@f9941": {
    "url": "db://assets/Texture/Gem3/Prefabs/SymbolFX/Original/FireWork01/FireWork01_11.png@f9941",
    "value": {
      "depends": [
        "c82013b0-b86b-4331-9536-49c0a730f701@6c48a"
      ]
    }
  },
  "3fecf1cc-8b5b-4f15-a0c5-65dcb608f089@6c48a": {
    "url": "db://assets/Texture/Gem3/Prefabs/SymbolFX/Original/FireWork01/FireWork01_12.png@6c48a",
    "value": {
      "depends": [
        "3fecf1cc-8b5b-4f15-a0c5-65dcb608f089"
      ]
    }
  },
  "05d26157-8e76-4c6d-a6e3-6f66828f2da1@6c48a": {
    "url": "db://assets/Texture/Gem3/Prefabs/SymbolFX/Original/FireWork01/FireWork01_13.png@6c48a",
    "value": {
      "depends": [
        "05d26157-8e76-4c6d-a6e3-6f66828f2da1"
      ]
    }
  },
  "234bbfd9-b3ea-4a83-a7e2-a8c237cfd491@6c48a": {
    "url": "db://assets/Texture/Gem3/Prefabs/SymbolFX/Original/FireWork01/FireWork01_14.png@6c48a",
    "value": {
      "depends": [
        "234bbfd9-b3ea-4a83-a7e2-a8c237cfd491"
      ]
    }
  },
  "3fecf1cc-8b5b-4f15-a0c5-65dcb608f089@f9941": {
    "url": "db://assets/Texture/Gem3/Prefabs/SymbolFX/Original/FireWork01/FireWork01_12.png@f9941",
    "value": {
      "depends": [
        "3fecf1cc-8b5b-4f15-a0c5-65dcb608f089@6c48a"
      ]
    }
  },
  "05d26157-8e76-4c6d-a6e3-6f66828f2da1@f9941": {
    "url": "db://assets/Texture/Gem3/Prefabs/SymbolFX/Original/FireWork01/FireWork01_13.png@f9941",
    "value": {
      "depends": [
        "05d26157-8e76-4c6d-a6e3-6f66828f2da1@6c48a"
      ]
    }
  },
  "234bbfd9-b3ea-4a83-a7e2-a8c237cfd491@f9941": {
    "url": "db://assets/Texture/Gem3/Prefabs/SymbolFX/Original/FireWork01/FireWork01_14.png@f9941",
    "value": {
      "depends": [
        "234bbfd9-b3ea-4a83-a7e2-a8c237cfd491@6c48a"
      ]
    }
  },
  "34f473ef-84d1-43bf-8b22-774c81c18e41": {
    "url": "db://assets/script/SlotReels.ts",
    "value": {}
  },
  "5a3746a8-3fe3-467a-b2ac-3a16d5e096d5": {
    "url": "db://assets/Texture/Gem3/Prefabs/Symbol.prefab",
    "value": {
      "depends": [
        "0806b14e-2643-4987-b6a0-9b6fb3ee93e7@f9941",
        "0806b14e-2643-4987-b6a0-9b6fb3ee93e7@f9941",
        "d07b1264-cd8a-4383-b226-6df59a8a9ba7@f9941",
        "dd6dbaca-a534-43c5-b8a2-c8c7a51822a8@f9941",
        "18b11e41-e1ac-4561-bf36-6878e0a28b0a@f9941",
        "85dd7daf-47d8-4895-b719-26736d57eb28@f9941",
        "67de0104-650e-4855-9501-85aa3ffa3d08@f9941"
      ]
    }
  },
  "a31625b4-6c8a-4a35-b722-5d78082a10a4": {
    "url": "db://assets/script/SlotSymbol.ts",
    "value": {}
  },
  "b6d2df58-d08f-4263-a7e9-3d9848203eed": {
    "url": "db://assets/script/Delay.ts",
    "value": {}
  }
}
