{
  "H:\\NTUST\\1122-Cocos\\hw-coocs\\CocosHomework\\assets\\scene.meta": {
    "time": 1710517746275.6377
  },
  "H:\\NTUST\\1122-Cocos\\hw-coocs\\CocosHomework\\assets\\script.meta": {
    "time": 1710517746276.6345
  },
  "H:\\NTUST\\1122-Cocos\\hw-coocs\\CocosHomework\\assets\\scene": {
    "time": 1710606634631.536,
    "uuid": "934a1f62-3e89-44ed-adb8-f55f3e07ee27",
    "missing": false
  },
  "H:\\NTUST\\1122-Cocos\\hw-coocs\\CocosHomework\\assets\\script": {
    "time": 1710606626973.1162,
    "uuid": "072ae47b-4afd-4383-adfe-5674de0fda94",
    "missing": false
  },
  "H:\\NTUST\\1122-Cocos\\hw-coocs\\CocosHomework\\assets\\scene\\Module1.scene.meta": {
    "time": 1710520005956.9753
  },
  "H:\\NTUST\\1122-Cocos\\hw-coocs\\CocosHomework\\assets\\scene\\Module1.scene": {
    "time": 1710521106066.8425,
    "uuid": "f49a1535-c16c-426c-90ba-13262afe91ca",
    "missing": true
  },
  "H:\\NTUST\\1122-Cocos\\hw-coocs\\CocosHomework\\assets\\script\\Module1.meta": {
    "time": 1710520205863.3955
  },
  "H:\\NTUST\\1122-Cocos\\hw-coocs\\CocosHomework\\assets\\script\\Module1": {
    "time": 1710520576093.6948,
    "uuid": "a106aa63-cad5-4866-90ca-360a487675af",
    "missing": true
  },
  "H:\\NTUST\\1122-Cocos\\hw-coocs\\CocosHomework\\assets\\script\\Module1\\Dragable.ts.meta": {
    "time": 1710520213644.207
  },
  "H:\\NTUST\\1122-Cocos\\hw-coocs\\CocosHomework\\assets\\script\\Module1\\Dragable.ts": {
    "time": 1712063700372.2527,
    "uuid": "2be19e7b-f8b9-42eb-8160-fdcadf834c1e",
    "missing": true
  },
  "H:\\NTUST\\1122-Cocos\\hw-coocs\\CocosHomework\\assets\\script\\Module1\\NodeExtension.ts.meta": {
    "time": 1710520576099.9734
  },
  "H:\\NTUST\\1122-Cocos\\hw-coocs\\CocosHomework\\assets\\script\\Module1\\NodeExtension.ts": {
    "time": 1710580346228.7976,
    "uuid": "7106d7fd-3c39-4936-92dd-457b3cb5a3f5",
    "missing": true
  },
  "H:\\NTUST\\1122-Cocos\\hw-coocs\\CocosHomework\\assets\\scene\\Module2.scene.meta": {
    "time": 1710521119008.6575
  },
  "H:\\NTUST\\1122-Cocos\\hw-coocs\\CocosHomework\\assets\\scene\\Module2.scene": {
    "time": 1710523134182.8452,
    "uuid": "54adb552-4379-425e-8a49-286935b8c171",
    "missing": true
  },
  "H:\\NTUST\\1122-Cocos\\hw-coocs\\CocosHomework\\assets\\script\\Module2.meta": {
    "time": 1710521124837.7705
  },
  "H:\\NTUST\\1122-Cocos\\hw-coocs\\CocosHomework\\assets\\script\\Module2": {
    "time": 1710523069729.4417,
    "uuid": "396159bb-b041-44c1-961c-c69ca284f7b2",
    "missing": true
  },
  "H:\\NTUST\\1122-Cocos\\hw-coocs\\CocosHomework\\assets\\script\\Module2\\CurrentTime.ts.meta": {
    "time": 1710521561722.2952
  },
  "H:\\NTUST\\1122-Cocos\\hw-coocs\\CocosHomework\\assets\\script\\Module2\\CurrentTime.ts": {
    "time": 1711639760363.8643,
    "uuid": "ceb5a8a4-5fbf-4469-bdea-fa86f51c4c9f",
    "missing": true
  },
  "H:\\NTUST\\1122-Cocos\\hw-coocs\\CocosHomework\\assets\\script\\Module2\\RadialProgress.ts.meta": {
    "time": 1710523069734.8523
  },
  "H:\\NTUST\\1122-Cocos\\hw-coocs\\CocosHomework\\assets\\script\\Module2\\Timer.ts.meta": {
    "time": 1710523069735.6038
  },
  "H:\\NTUST\\1122-Cocos\\hw-coocs\\CocosHomework\\assets\\script\\Module2\\RadialProgress.ts": {
    "time": 1711638456274.3037,
    "uuid": "fa693aac-a98d-400e-a2d3-504537f57e1a",
    "missing": true
  },
  "H:\\NTUST\\1122-Cocos\\hw-coocs\\CocosHomework\\assets\\script\\Module2\\Timer.ts": {
    "time": 1710852141466.9443,
    "uuid": "f125b995-17b7-47fa-8f96-9baa269a36e6",
    "missing": true
  },
  "H:\\NTUST\\1122-Cocos\\hw-coocs\\CocosHomework\\assets\\scene\\Module3.scene.meta": {
    "time": 1710524269386.379
  },
  "H:\\NTUST\\1122-Cocos\\hw-coocs\\CocosHomework\\assets\\scene\\Module3.scene": {
    "time": 1710661902860.8152,
    "uuid": "0a1d042d-16ba-4956-aede-617cee4dae21",
    "missing": true
  },
  "H:\\NTUST\\1122-Cocos\\hw-coocs\\CocosHomework\\assets\\script\\Module3.meta": {
    "time": 1710576713595.4817
  },
  "H:\\NTUST\\1122-Cocos\\hw-coocs\\CocosHomework\\assets\\script\\Module3\\Marquee.ts.meta": {
    "time": 1710576713596.479
  },
  "H:\\NTUST\\1122-Cocos\\hw-coocs\\CocosHomework\\assets\\script\\Module3": {
    "time": 1710576713587.5027,
    "uuid": "f094f4bd-f3f3-4377-922e-1979ef06155b",
    "missing": true
  },
  "H:\\NTUST\\1122-Cocos\\hw-coocs\\CocosHomework\\assets\\script\\Module3\\Marquee.ts": {
    "time": 1711638512939.698,
    "uuid": "0851bbde-e49a-492a-a5b0-1507bec7c986",
    "missing": true
  },
  "H:\\NTUST\\1122-Cocos\\hw-coocs\\CocosHomework\\assets\\scene\\Module4.scene.meta": {
    "time": 1710583073697.5283
  },
  "H:\\NTUST\\1122-Cocos\\hw-coocs\\CocosHomework\\assets\\scene\\Module4.scene": {
    "time": 1710600645256.7065,
    "uuid": "921fbb20-0b0d-41d0-9b30-f35ab47af102",
    "missing": true
  },
  "H:\\NTUST\\1122-Cocos\\hw-coocs\\CocosHomework\\assets\\script\\Module4.meta": {
    "time": 1710583086588.131
  },
  "H:\\NTUST\\1122-Cocos\\hw-coocs\\CocosHomework\\assets\\script\\Module4": {
    "time": 1710600443770.7434,
    "uuid": "72eadb02-518b-4af9-9174-aeb21b9e64dd",
    "missing": true
  },
  "H:\\NTUST\\1122-Cocos\\hw-coocs\\CocosHomework\\assets\\script\\Module4\\NumberFormatter.ts.meta": {
    "time": 1710589347878.2112
  },
  "H:\\NTUST\\1122-Cocos\\hw-coocs\\CocosHomework\\assets\\script\\Module4\\NumberFormatter.ts": {
    "time": 1711642465960.539,
    "uuid": "49d8446a-dd2c-47ad-984b-30debbfd9c8d",
    "missing": true
  },
  "H:\\NTUST\\1122-Cocos\\hw-coocs\\CocosHomework\\assets\\script\\Module4\\RunningMeter.ts.meta": {
    "time": 1710593344575.7139
  },
  "H:\\NTUST\\1122-Cocos\\hw-coocs\\CocosHomework\\assets\\script\\Module4\\RunningMeter.ts": {
    "time": 1710852123281.2075,
    "uuid": "8a217fe5-6ca6-4544-baa8-66caacfd69e4",
    "missing": true
  },
  "H:\\NTUST\\1122-Cocos\\hw-coocs\\CocosHomework\\assets\\script\\Module4\\RangeSlider.ts.meta": {
    "time": 1710600443775.7317
  },
  "H:\\NTUST\\1122-Cocos\\hw-coocs\\CocosHomework\\assets\\script\\Module4\\RangeSlider.ts": {
    "time": 1712428775964.521,
    "uuid": "b1ead89d-ae16-4c5c-be91-67c76cc70933",
    "missing": true
  },
  "H:\\NTUST\\1122-Cocos\\hw-coocs\\CocosHomework\\assets\\script\\Module5.meta": {
    "time": 1710606073689.474
  },
  "H:\\NTUST\\1122-Cocos\\hw-coocs\\CocosHomework\\assets\\script\\Module5\\LoopPageView.ts.meta": {
    "time": 1710606073690.4734
  },
  "H:\\NTUST\\1122-Cocos\\hw-coocs\\CocosHomework\\assets\\script\\Module5": {
    "time": 1710606073683.4607,
    "uuid": "72b0c67a-fc5f-4a6e-a1fd-219194fd22eb",
    "missing": true
  },
  "H:\\NTUST\\1122-Cocos\\hw-coocs\\CocosHomework\\assets\\script\\Module5\\LoopPageView.ts": {
    "time": 1712430229454.6045,
    "uuid": "1fcb9674-180f-4c2e-ad21-4a64ca201d0f",
    "missing": true
  },
  "H:\\NTUST\\1122-Cocos\\hw-coocs\\CocosHomework\\assets\\scene\\Module5.scene.meta": {
    "time": 1710606082400.805
  },
  "H:\\NTUST\\1122-Cocos\\hw-coocs\\CocosHomework\\assets\\scene\\Module5.scene": {
    "time": 1710611072294.9785,
    "uuid": "66781b7b-5de3-45bd-9ff2-bf12cc6f89a2",
    "missing": true
  },
  "H:\\NTUST\\1122-Cocos\\hw-coocs\\CocosHomework\\assets\\script\\Module6.meta": {
    "time": 1710606626978.1025
  },
  "H:\\NTUST\\1122-Cocos\\hw-coocs\\CocosHomework\\assets\\script\\Module6": {
    "time": 1710607173146.8503,
    "uuid": "10189223-360e-4be6-859c-cb5ef5ea4d4a",
    "missing": true
  },
  "H:\\NTUST\\1122-Cocos\\hw-coocs\\CocosHomework\\assets\\scene\\Module6.scene.meta": {
    "time": 1710606634638.516
  },
  "H:\\NTUST\\1122-Cocos\\hw-coocs\\CocosHomework\\assets\\scene\\Module6.scene": {
    "time": 1710662682092.329,
    "uuid": "c4617af0-5df1-41d4-a307-558a6d87c3c9",
    "missing": true
  },
  "H:\\NTUST\\1122-Cocos\\hw-coocs\\CocosHomework\\assets\\script\\Module6\\InfiniteScrollView.ts.meta": {
    "time": 1710607173152.5186
  },
  "H:\\NTUST\\1122-Cocos\\hw-coocs\\CocosHomework\\assets\\script\\Module6\\InfiniteScrollView.ts": {
    "time": 1712429960405.7126,
    "uuid": "b80e7463-da67-4680-ba4a-bcf0597f9e9f",
    "missing": true
  },
  "D:\\NTUST\\1122-Cocos\\hw-coocs\\CocosHomework2\\assets\\scene": {
    "time": 1713878705684.0884,
    "uuid": "934a1f62-3e89-44ed-adb8-f55f3e07ee27",
    "missing": false
  },
  "D:\\NTUST\\1122-Cocos\\hw-coocs\\CocosHomework2\\assets\\script": {
    "time": 1713889905247.26,
    "uuid": "072ae47b-4afd-4383-adfe-5674de0fda94",
    "missing": false
  },
  "D:\\NTUST\\1122-Cocos\\hw-coocs\\CocosHomework2\\assets\\scene.meta": {
    "time": 1710517746275.6377
  },
  "D:\\NTUST\\1122-Cocos\\hw-coocs\\CocosHomework2\\assets\\script.meta": {
    "time": 1710517746276.6345
  },
  "D:\\NTUST\\1122-Cocos\\hw-coocs\\CocosHomework2\\assets\\scene\\MainScene.scene.meta": {
    "time": 1713805409665.1904
  },
  "D:\\NTUST\\1122-Cocos\\hw-coocs\\CocosHomework2\\assets\\scene\\MainScene.scene": {
    "time": 1713889921163.7966,
    "uuid": "0ad3a676-d43c-42b1-8145-1c2f89f3946d",
    "missing": false
  },
  "D:\\NTUST\\1122-Cocos\\hw-coocs\\CocosHomework2\\assets\\game": {
    "time": 1713878740496.2942,
    "uuid": "e46fa15b-2743-406d-8ecd-6b8d7721e73d",
    "missing": false
  },
  "D:\\NTUST\\1122-Cocos\\hw-coocs\\CocosHomework2\\assets\\Texture": {
    "time": 1713878740498.638,
    "uuid": "363c1d31-78c4-453c-aa07-f1c437466b9f",
    "missing": false
  },
  "D:\\NTUST\\1122-Cocos\\hw-coocs\\CocosHomework2\\assets\\game\\Plist": {
    "time": 1713878740482.8135,
    "uuid": "e957169a-ccda-450c-aa44-bba12c6e5655",
    "missing": false
  },
  "D:\\NTUST\\1122-Cocos\\hw-coocs\\CocosHomework2\\assets\\game\\Script": {
    "time": 1713878740496.2942,
    "uuid": "85409b37-8cbf-4fc1-ab5b-f1340d4ee9fc",
    "missing": false
  },
  "D:\\NTUST\\1122-Cocos\\hw-coocs\\CocosHomework2\\assets\\Texture\\Gem3": {
    "time": 1713878740498.638,
    "uuid": "7952a2c3-85e2-4ce1-8e35-44d7cc412efe",
    "missing": false
  },
  "D:\\NTUST\\1122-Cocos\\hw-coocs\\CocosHomework2\\assets\\game\\Plist\\Symbols": {
    "time": 1713879255401.7847,
    "uuid": "79845278-70c0-4263-8e21-437f14cdffa3",
    "missing": false
  },
  "D:\\NTUST\\1122-Cocos\\hw-coocs\\CocosHomework2\\assets\\Texture\\Gem3\\Prefabs": {
    "time": 1713880978521.8823,
    "uuid": "cd42f3bb-d168-4dd6-be52-525880f8203b",
    "missing": false
  },
  "D:\\NTUST\\1122-Cocos\\hw-coocs\\CocosHomework2\\assets\\Texture\\Gem3\\Prefabs\\Animation": {
    "time": 1713878740508.6658,
    "uuid": "578bf1b2-9ef8-4b34-ac22-f006689a90f9",
    "missing": false
  },
  "D:\\NTUST\\1122-Cocos\\hw-coocs\\CocosHomework2\\assets\\Texture\\Gem3\\Prefabs\\SymbolFX": {
    "time": 1713878740513.0378,
    "uuid": "b3fa8857-6d14-4eb7-8d06-0d8bf765a090",
    "missing": false
  },
  "D:\\NTUST\\1122-Cocos\\hw-coocs\\CocosHomework2\\assets\\Texture\\Gem3\\Prefabs\\Animation\\Gem4_action": {
    "time": 1713878740501.1445,
    "uuid": "b97dc1c8-25b8-4bc5-8107-ff30405a67a2",
    "missing": false
  },
  "D:\\NTUST\\1122-Cocos\\hw-coocs\\CocosHomework2\\assets\\Texture\\Gem3\\Prefabs\\Animation\\Gem5_action": {
    "time": 1713878740504.6658,
    "uuid": "118e7920-d547-4dfe-b5d5-abf002b104df",
    "missing": false
  },
  "D:\\NTUST\\1122-Cocos\\hw-coocs\\CocosHomework2\\assets\\Texture\\Gem3\\Prefabs\\Animation\\Gem6_action": {
    "time": 1713878740507.666,
    "uuid": "d236df1a-67f9-4d02-8d45-c679c829de01",
    "missing": false
  },
  "D:\\NTUST\\1122-Cocos\\hw-coocs\\CocosHomework2\\assets\\Texture\\Gem3\\Prefabs\\Animation\\GemEffect_action": {
    "time": 1713878740510.6655,
    "uuid": "e06f7eeb-13fd-4392-ad73-d7b64982a2a3",
    "missing": false
  },
  "D:\\NTUST\\1122-Cocos\\hw-coocs\\CocosHomework2\\assets\\Texture\\Gem3\\Prefabs\\SymbolFX\\Original": {
    "time": 1713878740528.6328,
    "uuid": "4ce9a21e-8cd8-4418-ac5f-59cfcf81868f",
    "missing": false
  },
  "D:\\NTUST\\1122-Cocos\\hw-coocs\\CocosHomework2\\assets\\Texture\\Gem3\\Prefabs\\SymbolFX\\Original\\FireWork01": {
    "time": 1713878740523.6328,
    "uuid": "a20bf2ac-17ea-4551-b5d4-88714532a2bd",
    "missing": false
  },
  "D:\\NTUST\\1122-Cocos\\hw-coocs\\CocosHomework2\\assets\\game\\Script\\Explode.ts": {
    "time": 1713886924679.5005,
    "uuid": "c5857a51-ad37-4dfc-82ad-97b661690934",
    "missing": false
  },
  "D:\\NTUST\\1122-Cocos\\hw-coocs\\CocosHomework2\\assets\\game.meta": {
    "time": 1713878740481.8054
  },
  "D:\\NTUST\\1122-Cocos\\hw-coocs\\CocosHomework2\\assets\\Texture.meta": {
    "time": 1713878740497.6345
  },
  "D:\\NTUST\\1122-Cocos\\hw-coocs\\CocosHomework2\\assets\\game\\Plist.meta": {
    "time": 1713878740482.8135
  },
  "D:\\NTUST\\1122-Cocos\\hw-coocs\\CocosHomework2\\assets\\game\\Script.meta": {
    "time": 1713878740496.2942
  },
  "D:\\NTUST\\1122-Cocos\\hw-coocs\\CocosHomework2\\assets\\Texture\\Gem3.meta": {
    "time": 1713878740498.638
  },
  "D:\\NTUST\\1122-Cocos\\hw-coocs\\CocosHomework2\\assets\\game\\Plist\\Symbols.meta": {
    "time": 1713878740482.8135
  },
  "D:\\NTUST\\1122-Cocos\\hw-coocs\\CocosHomework2\\assets\\Texture\\Gem3\\Prefabs.meta": {
    "time": 1713878740498.638
  },
  "D:\\NTUST\\1122-Cocos\\hw-coocs\\CocosHomework2\\assets\\Texture\\Gem3\\Prefabs\\Animation.meta": {
    "time": 1713878740498.638
  },
  "D:\\NTUST\\1122-Cocos\\hw-coocs\\CocosHomework2\\assets\\Texture\\Gem3\\Prefabs\\SymbolFX.meta": {
    "time": 1713878740510.6655
  },
  "D:\\NTUST\\1122-Cocos\\hw-coocs\\CocosHomework2\\assets\\Texture\\Gem3\\Prefabs\\Animation\\Gem4_action.meta": {
    "time": 1713878740499.6382
  },
  "D:\\NTUST\\1122-Cocos\\hw-coocs\\CocosHomework2\\assets\\Texture\\Gem3\\Prefabs\\Animation\\Gem5_action.meta": {
    "time": 1713878740501.65
  },
  "D:\\NTUST\\1122-Cocos\\hw-coocs\\CocosHomework2\\assets\\Texture\\Gem3\\Prefabs\\Animation\\Gem6_action.meta": {
    "time": 1713878740504.6658
  },
  "D:\\NTUST\\1122-Cocos\\hw-coocs\\CocosHomework2\\assets\\Texture\\Gem3\\Prefabs\\Animation\\GemEffect_action.meta": {
    "time": 1713878740508.6658
  },
  "D:\\NTUST\\1122-Cocos\\hw-coocs\\CocosHomework2\\assets\\Texture\\Gem3\\Prefabs\\SymbolFX\\Original.meta": {
    "time": 1713878740513.0378
  },
  "D:\\NTUST\\1122-Cocos\\hw-coocs\\CocosHomework2\\assets\\Texture\\Gem3\\Prefabs\\SymbolFX\\Original\\FireWork01.meta": {
    "time": 1713878740513.0378
  },
  "D:\\NTUST\\1122-Cocos\\hw-coocs\\CocosHomework2\\assets\\game\\Script\\Explode.ts.meta": {
    "time": 1713878740496.2942
  },
  "D:\\NTUST\\1122-Cocos\\hw-coocs\\CocosHomework2\\assets\\game\\Plist\\Symbols\\Symbol00.png": {
    "time": 1713878740483.8132,
    "uuid": "0806b14e-2643-4987-b6a0-9b6fb3ee93e7",
    "missing": false
  },
  "D:\\NTUST\\1122-Cocos\\hw-coocs\\CocosHomework2\\assets\\game\\Plist\\Symbols\\Symbol01.png": {
    "time": 1713878740483.8132,
    "uuid": "d07b1264-cd8a-4383-b226-6df59a8a9ba7",
    "missing": false
  },
  "D:\\NTUST\\1122-Cocos\\hw-coocs\\CocosHomework2\\assets\\game\\Plist\\Symbols\\Symbol02.png": {
    "time": 1713878740484.8127,
    "uuid": "dd6dbaca-a534-43c5-b8a2-c8c7a51822a8",
    "missing": false
  },
  "D:\\NTUST\\1122-Cocos\\hw-coocs\\CocosHomework2\\assets\\game\\Plist\\Symbols\\Symbol03.png": {
    "time": 1713878740486.7146,
    "uuid": "18b11e41-e1ac-4561-bf36-6878e0a28b0a",
    "missing": false
  },
  "D:\\NTUST\\1122-Cocos\\hw-coocs\\CocosHomework2\\assets\\game\\Plist\\Symbols\\Symbol04.png": {
    "time": 1713878740487.7212,
    "uuid": "85dd7daf-47d8-4895-b719-26736d57eb28",
    "missing": false
  },
  "D:\\NTUST\\1122-Cocos\\hw-coocs\\CocosHomework2\\assets\\game\\Plist\\Symbols\\Symbol05.png": {
    "time": 1713878740487.7212,
    "uuid": "40258d33-a63c-45ed-9c07-f656a3fccab2",
    "missing": false
  },
  "D:\\NTUST\\1122-Cocos\\hw-coocs\\CocosHomework2\\assets\\game\\Plist\\Symbols\\Symbol06.png": {
    "time": 1713878740488.7212,
    "uuid": "67de0104-650e-4855-9501-85aa3ffa3d08",
    "missing": false
  },
  "D:\\NTUST\\1122-Cocos\\hw-coocs\\CocosHomework2\\assets\\game\\Plist\\Symbols\\SymbolGlow_00.png": {
    "time": 1713878740489.7217,
    "uuid": "55ea1f47-1bae-436c-a38f-a58e84ccaa33",
    "missing": false
  },
  "D:\\NTUST\\1122-Cocos\\hw-coocs\\CocosHomework2\\assets\\game\\Plist\\Symbols\\SymbolGlow_01.png": {
    "time": 1713878740490.7244,
    "uuid": "d7a84b43-bf61-4b79-a5bd-65a72d1b284c",
    "missing": false
  },
  "D:\\NTUST\\1122-Cocos\\hw-coocs\\CocosHomework2\\assets\\game\\Plist\\Symbols\\SymbolGlow_02.png": {
    "time": 1713878740491.2383,
    "uuid": "291a06e1-17b6-4ee4-a875-168e90c23de0",
    "missing": false
  },
  "D:\\NTUST\\1122-Cocos\\hw-coocs\\CocosHomework2\\assets\\game\\Plist\\Symbols\\SymbolGlow_03.png": {
    "time": 1713878740491.7517,
    "uuid": "5539827f-1f43-4cf8-b613-36962cf575bb",
    "missing": false
  },
  "D:\\NTUST\\1122-Cocos\\hw-coocs\\CocosHomework2\\assets\\game\\Plist\\Symbols\\SymbolGlow_04.png": {
    "time": 1713878740491.7517,
    "uuid": "f16f8877-c9fa-49c4-9204-1051c5de63ba",
    "missing": false
  },
  "D:\\NTUST\\1122-Cocos\\hw-coocs\\CocosHomework2\\assets\\game\\Plist\\Symbols\\SymbolGlow_05.png": {
    "time": 1713878740492.8586,
    "uuid": "54ad8ec0-2a1a-4015-90b2-7e37fc05c53a",
    "missing": false
  },
  "D:\\NTUST\\1122-Cocos\\hw-coocs\\CocosHomework2\\assets\\game\\Plist\\Symbols\\SymbolGlow_06.png": {
    "time": 1713878740493.8018,
    "uuid": "b4763810-23ee-4635-a8e4-46f106af8f70",
    "missing": false
  },
  "D:\\NTUST\\1122-Cocos\\hw-coocs\\CocosHomework2\\assets\\game\\Plist\\Symbols\\SymbolGlow_07.png": {
    "time": 1713878740493.8018,
    "uuid": "557505eb-ffa3-43e0-8daa-3797cf7ceea4",
    "missing": false
  },
  "D:\\NTUST\\1122-Cocos\\hw-coocs\\CocosHomework2\\assets\\Texture\\Gem3\\Prefabs\\Gem4.prefab": {
    "time": 1713884732649.5586,
    "uuid": "d8c8ad89-6b07-43f4-bdfc-94467c6eb4bb",
    "missing": false
  },
  "D:\\NTUST\\1122-Cocos\\hw-coocs\\CocosHomework2\\assets\\Texture\\Gem3\\Prefabs\\GemEffect.prefab": {
    "time": 1713884724567.014,
    "uuid": "3694fb2e-6ee9-404d-9c14-d8ee9bb56a3b",
    "missing": false
  },
  "D:\\NTUST\\1122-Cocos\\hw-coocs\\CocosHomework2\\assets\\Texture\\Gem3\\Prefabs\\Animation\\Gem4_action\\Gem4.anim": {
    "time": 1713878740500.6382,
    "uuid": "03871516-eaa5-4437-9a82-e288451c323f",
    "missing": false
  },
  "D:\\NTUST\\1122-Cocos\\hw-coocs\\CocosHomework2\\assets\\Texture\\Gem3\\Prefabs\\Animation\\Gem4_action\\Gem4_H.anim": {
    "time": 1713878740501.1445,
    "uuid": "708514fa-bf88-44ec-ad90-6ac01c7a452b",
    "missing": false
  },
  "D:\\NTUST\\1122-Cocos\\hw-coocs\\CocosHomework2\\assets\\Texture\\Gem3\\Prefabs\\Animation\\Gem5_action\\Gem5.anim": {
    "time": 1713878740502.6636,
    "uuid": "14fa65db-70b9-4199-84c5-7b5f93f51590",
    "missing": false
  },
  "D:\\NTUST\\1122-Cocos\\hw-coocs\\CocosHomework2\\assets\\Texture\\Gem3\\Prefabs\\Animation\\Gem5_action\\Gem5_H.anim": {
    "time": 1713878740503.6658,
    "uuid": "68132a7d-4d3e-4eba-a96e-b26e8c111fcd",
    "missing": false
  },
  "D:\\NTUST\\1122-Cocos\\hw-coocs\\CocosHomework2\\assets\\Texture\\Gem3\\Prefabs\\Animation\\Gem6_action\\Gem6.anim": {
    "time": 1713878740506.6658,
    "uuid": "7d514c63-ad73-47c1-a922-135a56574d68",
    "missing": false
  },
  "D:\\NTUST\\1122-Cocos\\hw-coocs\\CocosHomework2\\assets\\Texture\\Gem3\\Prefabs\\Animation\\Gem6_action\\Gem6_H.anim": {
    "time": 1713878740507.666,
    "uuid": "1fdbbf80-9e51-48ca-a567-22b684b896a1",
    "missing": false
  },
  "D:\\NTUST\\1122-Cocos\\hw-coocs\\CocosHomework2\\assets\\Texture\\Gem3\\Prefabs\\Animation\\GemEffect_action\\GemEffect.anim": {
    "time": 1713878740509.6658,
    "uuid": "b401aaf2-4cc3-4ce6-8507-558dd417f1fc",
    "missing": false
  },
  "D:\\NTUST\\1122-Cocos\\hw-coocs\\CocosHomework2\\assets\\Texture\\Gem3\\Prefabs\\Animation\\GemEffect_action\\GemEffect_H.anim": {
    "time": 1713878740510.6655,
    "uuid": "dfddbdbd-adf3-4884-ae5c-37e7f1968210",
    "missing": false
  },
  "D:\\NTUST\\1122-Cocos\\hw-coocs\\CocosHomework2\\assets\\Texture\\Gem3\\Prefabs\\SymbolFX\\Original\\CandyPaper01_00.png": {
    "time": 1713878740523.6328,
    "uuid": "d954705e-42a0-4c31-9d59-44b9f3b43a62",
    "missing": false
  },
  "D:\\NTUST\\1122-Cocos\\hw-coocs\\CocosHomework2\\assets\\Texture\\Gem3\\Prefabs\\SymbolFX\\Original\\CandyPaper01_01.png": {
    "time": 1713878740524.6328,
    "uuid": "e78cd11a-4370-4f35-8f9c-586155fd6157",
    "missing": false
  },
  "D:\\NTUST\\1122-Cocos\\hw-coocs\\CocosHomework2\\assets\\Texture\\Gem3\\Prefabs\\SymbolFX\\Original\\CandyPaper01_02.png": {
    "time": 1713878740524.6328,
    "uuid": "a74ce2c3-2339-495d-b765-9cd046b688f2",
    "missing": false
  },
  "D:\\NTUST\\1122-Cocos\\hw-coocs\\CocosHomework2\\assets\\Texture\\Gem3\\Prefabs\\SymbolFX\\Original\\CandyPaper01_03.png": {
    "time": 1713878740525.6328,
    "uuid": "ad54c806-3c77-441a-af30-5d101d1e97ce",
    "missing": false
  },
  "D:\\NTUST\\1122-Cocos\\hw-coocs\\CocosHomework2\\assets\\Texture\\Gem3\\Prefabs\\SymbolFX\\Original\\CandyPaper01_04.png": {
    "time": 1713878740526.6328,
    "uuid": "b65f38fe-8b27-4437-86b7-a9f90c337541",
    "missing": false
  },
  "D:\\NTUST\\1122-Cocos\\hw-coocs\\CocosHomework2\\assets\\Texture\\Gem3\\Prefabs\\SymbolFX\\Original\\CircleColor01_00.png": {
    "time": 1713878740526.6328,
    "uuid": "adcc85b0-8830-4e4d-9ac7-69b55e7983f0",
    "missing": false
  },
  "D:\\NTUST\\1122-Cocos\\hw-coocs\\CocosHomework2\\assets\\Texture\\Gem3\\Prefabs\\SymbolFX\\Original\\ClearStar_00.png": {
    "time": 1713878740527.6328,
    "uuid": "ac9c15f4-2523-4462-96dd-44871296cbda",
    "missing": false
  },
  "D:\\NTUST\\1122-Cocos\\hw-coocs\\CocosHomework2\\assets\\Texture\\Gem3\\Prefabs\\SymbolFX\\Original\\FireWork01\\FireWork01_00.png": {
    "time": 1713878740513.0378,
    "uuid": "66f6f277-8702-4e66-95dc-4d4e5dc9a50e",
    "missing": false
  },
  "D:\\NTUST\\1122-Cocos\\hw-coocs\\CocosHomework2\\assets\\Texture\\Gem3\\Prefabs\\SymbolFX\\Original\\FireWork01\\FireWork01_01.png": {
    "time": 1713878740514.5193,
    "uuid": "a40893f3-acc3-4b8e-92fe-be7d533bd200",
    "missing": false
  },
  "D:\\NTUST\\1122-Cocos\\hw-coocs\\CocosHomework2\\assets\\Texture\\Gem3\\Prefabs\\SymbolFX\\Original\\FireWork01\\FireWork01_02.png": {
    "time": 1713878740515.5242,
    "uuid": "44dd74f8-a39b-4718-b3ea-b04a56b16ce3",
    "missing": false
  },
  "D:\\NTUST\\1122-Cocos\\hw-coocs\\CocosHomework2\\assets\\Texture\\Gem3\\Prefabs\\SymbolFX\\Original\\FireWork01\\FireWork01_03.png": {
    "time": 1713878740515.5242,
    "uuid": "5e592611-a697-4393-a570-d4f2eb529c92",
    "missing": false
  },
  "D:\\NTUST\\1122-Cocos\\hw-coocs\\CocosHomework2\\assets\\Texture\\Gem3\\Prefabs\\SymbolFX\\Original\\FireWork01\\FireWork01_04.png": {
    "time": 1713878740516.524,
    "uuid": "abdf3735-ae5d-425a-8205-327ec87550e2",
    "missing": false
  },
  "D:\\NTUST\\1122-Cocos\\hw-coocs\\CocosHomework2\\assets\\Texture\\Gem3\\Prefabs\\SymbolFX\\Original\\FireWork01\\FireWork01_05.png": {
    "time": 1713878740517.524,
    "uuid": "8830caf8-9c33-43e5-91ca-1040f26502ee",
    "missing": false
  },
  "D:\\NTUST\\1122-Cocos\\hw-coocs\\CocosHomework2\\assets\\Texture\\Gem3\\Prefabs\\SymbolFX\\Original\\FireWork01\\FireWork01_06.png": {
    "time": 1713878740517.524,
    "uuid": "abf59023-1679-46eb-8533-8a9ec35f7281",
    "missing": false
  },
  "D:\\NTUST\\1122-Cocos\\hw-coocs\\CocosHomework2\\assets\\Texture\\Gem3\\Prefabs\\SymbolFX\\Original\\FireWork01\\FireWork01_07.png": {
    "time": 1713878740518.5237,
    "uuid": "b9a5adf6-9231-4e5c-a928-c98967863ab6",
    "missing": false
  },
  "D:\\NTUST\\1122-Cocos\\hw-coocs\\CocosHomework2\\assets\\Texture\\Gem3\\Prefabs\\SymbolFX\\Original\\FireWork01\\FireWork01_08.png": {
    "time": 1713878740519.5237,
    "uuid": "44070db6-8199-4cac-8e8b-97d8c703b1d4",
    "missing": false
  },
  "D:\\NTUST\\1122-Cocos\\hw-coocs\\CocosHomework2\\assets\\Texture\\Gem3\\Prefabs\\SymbolFX\\Original\\FireWork01\\FireWork01_09.png": {
    "time": 1713878740519.5237,
    "uuid": "8c5ac21a-642f-4ce0-8f6e-4c33b9037bf1",
    "missing": false
  },
  "D:\\NTUST\\1122-Cocos\\hw-coocs\\CocosHomework2\\assets\\Texture\\Gem3\\Prefabs\\SymbolFX\\Original\\FireWork01\\FireWork01_10.png": {
    "time": 1713878740521.0305,
    "uuid": "576679c0-fa4d-45fb-ab8c-9800bbbe8071",
    "missing": false
  },
  "D:\\NTUST\\1122-Cocos\\hw-coocs\\CocosHomework2\\assets\\Texture\\Gem3\\Prefabs\\SymbolFX\\Original\\FireWork01\\FireWork01_11.png": {
    "time": 1713878740521.629,
    "uuid": "c82013b0-b86b-4331-9536-49c0a730f701",
    "missing": false
  },
  "D:\\NTUST\\1122-Cocos\\hw-coocs\\CocosHomework2\\assets\\Texture\\Gem3\\Prefabs\\SymbolFX\\Original\\FireWork01\\FireWork01_12.png": {
    "time": 1713878740522.6306,
    "uuid": "3fecf1cc-8b5b-4f15-a0c5-65dcb608f089",
    "missing": false
  },
  "D:\\NTUST\\1122-Cocos\\hw-coocs\\CocosHomework2\\assets\\Texture\\Gem3\\Prefabs\\SymbolFX\\Original\\FireWork01\\FireWork01_13.png": {
    "time": 1713878740522.6306,
    "uuid": "05d26157-8e76-4c6d-a6e3-6f66828f2da1",
    "missing": false
  },
  "D:\\NTUST\\1122-Cocos\\hw-coocs\\CocosHomework2\\assets\\Texture\\Gem3\\Prefabs\\SymbolFX\\Original\\FireWork01\\FireWork01_14.png": {
    "time": 1713878740523.6328,
    "uuid": "234bbfd9-b3ea-4a83-a7e2-a8c237cfd491",
    "missing": false
  },
  "D:\\NTUST\\1122-Cocos\\hw-coocs\\CocosHomework2\\assets\\game\\Plist\\Symbols\\Symbol02.png.meta": {
    "time": 1713878740486.7146
  },
  "D:\\NTUST\\1122-Cocos\\hw-coocs\\CocosHomework2\\assets\\game\\Plist\\Symbols\\Symbol00.png.meta": {
    "time": 1713878740483.8132
  },
  "D:\\NTUST\\1122-Cocos\\hw-coocs\\CocosHomework2\\assets\\game\\Plist\\Symbols\\Symbol01.png.meta": {
    "time": 1713878740484.8127
  },
  "D:\\NTUST\\1122-Cocos\\hw-coocs\\CocosHomework2\\assets\\game\\Plist\\Symbols\\Symbol03.png.meta": {
    "time": 1713878740486.7146
  },
  "D:\\NTUST\\1122-Cocos\\hw-coocs\\CocosHomework2\\assets\\game\\Plist\\Symbols\\Symbol04.png.meta": {
    "time": 1713878740487.7212
  },
  "D:\\NTUST\\1122-Cocos\\hw-coocs\\CocosHomework2\\assets\\game\\Plist\\Symbols\\Symbol06.png.meta": {
    "time": 1713878740488.7212
  },
  "D:\\NTUST\\1122-Cocos\\hw-coocs\\CocosHomework2\\assets\\game\\Plist\\Symbols\\Symbol05.png.meta": {
    "time": 1713878740488.7212
  },
  "D:\\NTUST\\1122-Cocos\\hw-coocs\\CocosHomework2\\assets\\game\\Plist\\Symbols\\SymbolGlow_00.png.meta": {
    "time": 1713878740489.7217
  },
  "D:\\NTUST\\1122-Cocos\\hw-coocs\\CocosHomework2\\assets\\game\\Plist\\Symbols\\SymbolGlow_01.png.meta": {
    "time": 1713878740491.2383
  },
  "D:\\NTUST\\1122-Cocos\\hw-coocs\\CocosHomework2\\assets\\game\\Plist\\Symbols\\SymbolGlow_02.png.meta": {
    "time": 1713878740491.7517
  },
  "D:\\NTUST\\1122-Cocos\\hw-coocs\\CocosHomework2\\assets\\game\\Plist\\Symbols\\SymbolGlow_03.png.meta": {
    "time": 1713878740491.7517
  },
  "D:\\NTUST\\1122-Cocos\\hw-coocs\\CocosHomework2\\assets\\game\\Plist\\Symbols\\SymbolGlow_05.png.meta": {
    "time": 1713878740492.8586
  },
  "D:\\NTUST\\1122-Cocos\\hw-coocs\\CocosHomework2\\assets\\game\\Plist\\Symbols\\SymbolGlow_04.png.meta": {
    "time": 1713878740492.8586
  },
  "D:\\NTUST\\1122-Cocos\\hw-coocs\\CocosHomework2\\assets\\game\\Plist\\Symbols\\SymbolGlow_06.png.meta": {
    "time": 1713878740493.8018
  },
  "D:\\NTUST\\1122-Cocos\\hw-coocs\\CocosHomework2\\assets\\Texture\\Gem3\\Prefabs\\Gem4.prefab.meta": {
    "time": 1713878740530.6328
  },
  "D:\\NTUST\\1122-Cocos\\hw-coocs\\CocosHomework2\\assets\\Texture\\Gem3\\Prefabs\\GemEffect.prefab.meta": {
    "time": 1713878740532.6526
  },
  "D:\\NTUST\\1122-Cocos\\hw-coocs\\CocosHomework2\\assets\\Texture\\Gem3\\Prefabs\\Animation\\Gem4_action\\Gem4.anim.meta": {
    "time": 1713878740500.6382
  },
  "D:\\NTUST\\1122-Cocos\\hw-coocs\\CocosHomework2\\assets\\Texture\\Gem3\\Prefabs\\Animation\\Gem4_action\\Gem4_H.anim.meta": {
    "time": 1713878740501.65
  },
  "D:\\NTUST\\1122-Cocos\\hw-coocs\\CocosHomework2\\assets\\game\\Plist\\Symbols\\SymbolGlow_07.png.meta": {
    "time": 1713878740494.7983
  },
  "D:\\NTUST\\1122-Cocos\\hw-coocs\\CocosHomework2\\assets\\Texture\\Gem3\\Prefabs\\Animation\\Gem5_action\\Gem5.anim.meta": {
    "time": 1713878740502.6636
  },
  "D:\\NTUST\\1122-Cocos\\hw-coocs\\CocosHomework2\\assets\\Texture\\Gem3\\Prefabs\\Animation\\Gem5_action\\Gem5_H.anim.meta": {
    "time": 1713878740504.6658
  },
  "D:\\NTUST\\1122-Cocos\\hw-coocs\\CocosHomework2\\assets\\Texture\\Gem3\\Prefabs\\Animation\\Gem6_action\\Gem6_H.anim.meta": {
    "time": 1713878740508.6658
  },
  "D:\\NTUST\\1122-Cocos\\hw-coocs\\CocosHomework2\\assets\\Texture\\Gem3\\Prefabs\\Animation\\Gem6_action\\Gem6.anim.meta": {
    "time": 1713878740506.6658
  },
  "D:\\NTUST\\1122-Cocos\\hw-coocs\\CocosHomework2\\assets\\Texture\\Gem3\\Prefabs\\Animation\\GemEffect_action\\GemEffect.anim.meta": {
    "time": 1713878740509.6658
  },
  "D:\\NTUST\\1122-Cocos\\hw-coocs\\CocosHomework2\\assets\\Texture\\Gem3\\Prefabs\\Animation\\GemEffect_action\\GemEffect_H.anim.meta": {
    "time": 1713878740510.6655
  },
  "D:\\NTUST\\1122-Cocos\\hw-coocs\\CocosHomework2\\assets\\Texture\\Gem3\\Prefabs\\SymbolFX\\Original\\CandyPaper01_01.png.meta": {
    "time": 1713878740524.6328
  },
  "D:\\NTUST\\1122-Cocos\\hw-coocs\\CocosHomework2\\assets\\Texture\\Gem3\\Prefabs\\SymbolFX\\Original\\CandyPaper01_04.png.meta": {
    "time": 1713878740526.6328
  },
  "D:\\NTUST\\1122-Cocos\\hw-coocs\\CocosHomework2\\assets\\Texture\\Gem3\\Prefabs\\SymbolFX\\Original\\CandyPaper01_03.png.meta": {
    "time": 1713878740526.6328
  },
  "D:\\NTUST\\1122-Cocos\\hw-coocs\\CocosHomework2\\assets\\Texture\\Gem3\\Prefabs\\SymbolFX\\Original\\CandyPaper01_02.png.meta": {
    "time": 1713878740525.6328
  },
  "D:\\NTUST\\1122-Cocos\\hw-coocs\\CocosHomework2\\assets\\Texture\\Gem3\\Prefabs\\SymbolFX\\Original\\CandyPaper01_00.png.meta": {
    "time": 1713878740524.6328
  },
  "D:\\NTUST\\1122-Cocos\\hw-coocs\\CocosHomework2\\assets\\Texture\\Gem3\\Prefabs\\SymbolFX\\Original\\ClearStar_00.png.meta": {
    "time": 1713878740529.6326
  },
  "D:\\NTUST\\1122-Cocos\\hw-coocs\\CocosHomework2\\assets\\Texture\\Gem3\\Prefabs\\SymbolFX\\Original\\FireWork01\\FireWork01_01.png.meta": {
    "time": 1713878740514.5193
  },
  "D:\\NTUST\\1122-Cocos\\hw-coocs\\CocosHomework2\\assets\\Texture\\Gem3\\Prefabs\\SymbolFX\\Original\\FireWork01\\FireWork01_00.png.meta": {
    "time": 1713878740514.5193
  },
  "D:\\NTUST\\1122-Cocos\\hw-coocs\\CocosHomework2\\assets\\Texture\\Gem3\\Prefabs\\SymbolFX\\Original\\CircleColor01_00.png.meta": {
    "time": 1713878740527.6328
  },
  "D:\\NTUST\\1122-Cocos\\hw-coocs\\CocosHomework2\\assets\\Texture\\Gem3\\Prefabs\\SymbolFX\\Original\\FireWork01\\FireWork01_02.png.meta": {
    "time": 1713878740515.5242
  },
  "D:\\NTUST\\1122-Cocos\\hw-coocs\\CocosHomework2\\assets\\Texture\\Gem3\\Prefabs\\SymbolFX\\Original\\FireWork01\\FireWork01_03.png.meta": {
    "time": 1713878740516.524
  },
  "D:\\NTUST\\1122-Cocos\\hw-coocs\\CocosHomework2\\assets\\Texture\\Gem3\\Prefabs\\SymbolFX\\Original\\FireWork01\\FireWork01_05.png.meta": {
    "time": 1713878740517.524
  },
  "D:\\NTUST\\1122-Cocos\\hw-coocs\\CocosHomework2\\assets\\Texture\\Gem3\\Prefabs\\SymbolFX\\Original\\FireWork01\\FireWork01_06.png.meta": {
    "time": 1713878740518.5237
  },
  "D:\\NTUST\\1122-Cocos\\hw-coocs\\CocosHomework2\\assets\\Texture\\Gem3\\Prefabs\\SymbolFX\\Original\\FireWork01\\FireWork01_04.png.meta": {
    "time": 1713878740516.524
  },
  "D:\\NTUST\\1122-Cocos\\hw-coocs\\CocosHomework2\\assets\\Texture\\Gem3\\Prefabs\\SymbolFX\\Original\\FireWork01\\FireWork01_07.png.meta": {
    "time": 1713878740518.5237
  },
  "D:\\NTUST\\1122-Cocos\\hw-coocs\\CocosHomework2\\assets\\Texture\\Gem3\\Prefabs\\SymbolFX\\Original\\FireWork01\\FireWork01_08.png.meta": {
    "time": 1713878740519.5237
  },
  "D:\\NTUST\\1122-Cocos\\hw-coocs\\CocosHomework2\\assets\\Texture\\Gem3\\Prefabs\\SymbolFX\\Original\\FireWork01\\FireWork01_09.png.meta": {
    "time": 1713878740519.5237
  },
  "D:\\NTUST\\1122-Cocos\\hw-coocs\\CocosHomework2\\assets\\Texture\\Gem3\\Prefabs\\SymbolFX\\Original\\FireWork01\\FireWork01_10.png.meta": {
    "time": 1713878740521.629
  },
  "D:\\NTUST\\1122-Cocos\\hw-coocs\\CocosHomework2\\assets\\Texture\\Gem3\\Prefabs\\SymbolFX\\Original\\FireWork01\\FireWork01_11.png.meta": {
    "time": 1713878740521.629
  },
  "D:\\NTUST\\1122-Cocos\\hw-coocs\\CocosHomework2\\assets\\Texture\\Gem3\\Prefabs\\SymbolFX\\Original\\FireWork01\\FireWork01_12.png.meta": {
    "time": 1713878740522.6306
  },
  "D:\\NTUST\\1122-Cocos\\hw-coocs\\CocosHomework2\\assets\\Texture\\Gem3\\Prefabs\\SymbolFX\\Original\\FireWork01\\FireWork01_13.png.meta": {
    "time": 1713878740523.6328
  },
  "D:\\NTUST\\1122-Cocos\\hw-coocs\\CocosHomework2\\assets\\Texture\\Gem3\\Prefabs\\SymbolFX\\Original\\FireWork01\\FireWork01_14.png.meta": {
    "time": 1713878740523.6328
  },
  "D:\\NTUST\\1122-Cocos\\hw-coocs\\CocosHomework2\\assets\\script\\SlotReels.ts.meta": {
    "time": 1713880198080.0027
  },
  "D:\\NTUST\\1122-Cocos\\hw-coocs\\CocosHomework2\\assets\\script\\SlotReels.ts": {
    "time": 1713891445914.8867,
    "uuid": "34f473ef-84d1-43bf-8b22-774c81c18e41",
    "missing": false
  },
  "D:\\NTUST\\1122-Cocos\\hw-coocs\\CocosHomework2\\assets\\Texture\\Gem3\\Prefabs\\Symbol.prefab.meta": {
    "time": 1713880978528.1943
  },
  "D:\\NTUST\\1122-Cocos\\hw-coocs\\CocosHomework2\\assets\\Texture\\Gem3\\Prefabs\\Symbol.prefab": {
    "time": 1713881593230.5442,
    "uuid": "5a3746a8-3fe3-467a-b2ac-3a16d5e096d5",
    "missing": false
  },
  "D:\\NTUST\\1122-Cocos\\hw-coocs\\CocosHomework2\\assets\\script\\SlotSymbol.ts.meta": {
    "time": 1713881051526.1619
  },
  "D:\\NTUST\\1122-Cocos\\hw-coocs\\CocosHomework2\\assets\\script\\SlotSymbol.ts": {
    "time": 1713883295213.9314,
    "uuid": "a31625b4-6c8a-4a35-b722-5d78082a10a4",
    "missing": false
  },
  "D:\\NTUST\\1122-Cocos\\hw-coocs\\CocosHomework2\\assets\\script\\Delay.ts.meta": {
    "time": 1713882247628.4678
  },
  "D:\\NTUST\\1122-Cocos\\hw-coocs\\CocosHomework2\\assets\\script\\Delay.ts": {
    "time": 1713882247646.666,
    "uuid": "b6d2df58-d08f-4263-a7e9-3d9848203eed",
    "missing": false
  },
  "F:\\NTUST\\course\\Webgame\\CocosHomework2\\assets\\game": {
    "time": 1714552826946.6643,
    "uuid": "e46fa15b-2743-406d-8ecd-6b8d7721e73d",
    "missing": false
  },
  "F:\\NTUST\\course\\Webgame\\CocosHomework2\\assets\\scene": {
    "time": 1714552826952.1736,
    "uuid": "934a1f62-3e89-44ed-adb8-f55f3e07ee27",
    "missing": false
  },
  "F:\\NTUST\\course\\Webgame\\CocosHomework2\\assets\\script": {
    "time": 1714552826956.6777,
    "uuid": "072ae47b-4afd-4383-adfe-5674de0fda94",
    "missing": false
  },
  "F:\\NTUST\\course\\Webgame\\CocosHomework2\\assets\\Texture": {
    "time": 1714552826959.6882,
    "uuid": "363c1d31-78c4-453c-aa07-f1c437466b9f",
    "missing": false
  },
  "F:\\NTUST\\course\\Webgame\\CocosHomework2\\assets\\game\\Plist": {
    "time": 1714552826612.5276,
    "uuid": "e957169a-ccda-450c-aa44-bba12c6e5655",
    "missing": false
  },
  "F:\\NTUST\\course\\Webgame\\CocosHomework2\\assets\\game\\Script": {
    "time": 1714552826949.1736,
    "uuid": "85409b37-8cbf-4fc1-ab5b-f1340d4ee9fc",
    "missing": false
  },
  "F:\\NTUST\\course\\Webgame\\CocosHomework2\\assets\\Texture\\Gem3": {
    "time": 1714552826960.6902,
    "uuid": "7952a2c3-85e2-4ce1-8e35-44d7cc412efe",
    "missing": false
  },
  "F:\\NTUST\\course\\Webgame\\CocosHomework2\\assets\\game\\Plist\\Symbols": {
    "time": 1714552826944.664,
    "uuid": "79845278-70c0-4263-8e21-437f14cdffa3",
    "missing": false
  },
  "F:\\NTUST\\course\\Webgame\\CocosHomework2\\assets\\Texture\\Gem3\\Prefabs": {
    "time": 1714552826985.711,
    "uuid": "cd42f3bb-d168-4dd6-be52-525880f8203b",
    "missing": false
  },
  "F:\\NTUST\\course\\Webgame\\CocosHomework2\\assets\\Texture\\Gem3\\Prefabs\\Animation": {
    "time": 1714552826981.7114,
    "uuid": "578bf1b2-9ef8-4b34-ac22-f006689a90f9",
    "missing": false
  },
  "F:\\NTUST\\course\\Webgame\\CocosHomework2\\assets\\Texture\\Gem3\\Prefabs\\SymbolFX": {
    "time": 1714552826986.7107,
    "uuid": "b3fa8857-6d14-4eb7-8d06-0d8bf765a090",
    "missing": false
  },
  "F:\\NTUST\\course\\Webgame\\CocosHomework2\\assets\\Texture\\Gem3\\Prefabs\\Animation\\Gem4_action": {
    "time": 1714552826973.2034,
    "uuid": "b97dc1c8-25b8-4bc5-8107-ff30405a67a2",
    "missing": false
  },
  "F:\\NTUST\\course\\Webgame\\CocosHomework2\\assets\\Texture\\Gem3\\Prefabs\\Animation\\Gem5_action": {
    "time": 1714552826976.7068,
    "uuid": "118e7920-d547-4dfe-b5d5-abf002b104df",
    "missing": false
  },
  "F:\\NTUST\\course\\Webgame\\CocosHomework2\\assets\\Texture\\Gem3\\Prefabs\\Animation\\Gem6_action": {
    "time": 1714552826980.712,
    "uuid": "d236df1a-67f9-4d02-8d45-c679c829de01",
    "missing": false
  },
  "F:\\NTUST\\course\\Webgame\\CocosHomework2\\assets\\Texture\\Gem3\\Prefabs\\Animation\\GemEffect_action": {
    "time": 1714552826983.713,
    "uuid": "e06f7eeb-13fd-4392-ad73-d7b64982a2a3",
    "missing": false
  },
  "F:\\NTUST\\course\\Webgame\\CocosHomework2\\assets\\Texture\\Gem3\\Prefabs\\SymbolFX\\Original": {
    "time": 1714552826994.2202,
    "uuid": "4ce9a21e-8cd8-4418-ac5f-59cfcf81868f",
    "missing": false
  },
  "F:\\NTUST\\course\\Webgame\\CocosHomework2\\assets\\Texture\\Gem3\\Prefabs\\SymbolFX\\Original\\FireWork01": {
    "time": 1714552827008.2393,
    "uuid": "a20bf2ac-17ea-4551-b5d4-88714532a2bd",
    "missing": false
  },
  "F:\\NTUST\\course\\Webgame\\CocosHomework2\\assets\\script\\Delay.ts": {
    "time": 1713882248000,
    "uuid": "b6d2df58-d08f-4263-a7e9-3d9848203eed",
    "missing": false
  },
  "F:\\NTUST\\course\\Webgame\\CocosHomework2\\assets\\script\\SlotReels.ts": {
    "time": 1714802614081.4446,
    "uuid": "34f473ef-84d1-43bf-8b22-774c81c18e41",
    "missing": false
  },
  "F:\\NTUST\\course\\Webgame\\CocosHomework2\\assets\\script\\SlotSymbol.ts": {
    "time": 1713883296000,
    "uuid": "a31625b4-6c8a-4a35-b722-5d78082a10a4",
    "missing": false
  },
  "F:\\NTUST\\course\\Webgame\\CocosHomework2\\assets\\game\\Script\\Explode.ts": {
    "time": 1713886926000,
    "uuid": "c5857a51-ad37-4dfc-82ad-97b661690934",
    "missing": false
  },
  "F:\\NTUST\\course\\Webgame\\CocosHomework2\\assets\\game.meta": {
    "time": 1713878742000
  },
  "F:\\NTUST\\course\\Webgame\\CocosHomework2\\assets\\scene.meta": {
    "time": 1710517748000
  },
  "F:\\NTUST\\course\\Webgame\\CocosHomework2\\assets\\script.meta": {
    "time": 1710517748000
  },
  "F:\\NTUST\\course\\Webgame\\CocosHomework2\\assets\\Texture.meta": {
    "time": 1713878742000
  },
  "F:\\NTUST\\course\\Webgame\\CocosHomework2\\assets\\game\\Plist.meta": {
    "time": 1713878742000
  },
  "F:\\NTUST\\course\\Webgame\\CocosHomework2\\assets\\game\\Script.meta": {
    "time": 1713878742000
  },
  "F:\\NTUST\\course\\Webgame\\CocosHomework2\\assets\\Texture\\Gem3.meta": {
    "time": 1713878742000
  },
  "F:\\NTUST\\course\\Webgame\\CocosHomework2\\assets\\game\\Plist\\Symbols.meta": {
    "time": 1713878742000
  },
  "F:\\NTUST\\course\\Webgame\\CocosHomework2\\assets\\Texture\\Gem3\\Prefabs.meta": {
    "time": 1713878742000
  },
  "F:\\NTUST\\course\\Webgame\\CocosHomework2\\assets\\Texture\\Gem3\\Prefabs\\Animation.meta": {
    "time": 1713878742000
  },
  "F:\\NTUST\\course\\Webgame\\CocosHomework2\\assets\\Texture\\Gem3\\Prefabs\\SymbolFX.meta": {
    "time": 1713878742000
  },
  "F:\\NTUST\\course\\Webgame\\CocosHomework2\\assets\\Texture\\Gem3\\Prefabs\\Animation\\Gem4_action.meta": {
    "time": 1713878742000
  },
  "F:\\NTUST\\course\\Webgame\\CocosHomework2\\assets\\Texture\\Gem3\\Prefabs\\Animation\\Gem5_action.meta": {
    "time": 1713878742000
  },
  "F:\\NTUST\\course\\Webgame\\CocosHomework2\\assets\\Texture\\Gem3\\Prefabs\\Animation\\Gem6_action.meta": {
    "time": 1713878742000
  },
  "F:\\NTUST\\course\\Webgame\\CocosHomework2\\assets\\Texture\\Gem3\\Prefabs\\Animation\\GemEffect_action.meta": {
    "time": 1713878742000
  },
  "F:\\NTUST\\course\\Webgame\\CocosHomework2\\assets\\Texture\\Gem3\\Prefabs\\SymbolFX\\Original.meta": {
    "time": 1713878742000
  },
  "F:\\NTUST\\course\\Webgame\\CocosHomework2\\assets\\Texture\\Gem3\\Prefabs\\SymbolFX\\Original\\FireWork01.meta": {
    "time": 1713878742000
  },
  "F:\\NTUST\\course\\Webgame\\CocosHomework2\\assets\\script\\Delay.ts.meta": {
    "time": 1713882248000
  },
  "F:\\NTUST\\course\\Webgame\\CocosHomework2\\assets\\script\\SlotReels.ts.meta": {
    "time": 1713880200000
  },
  "F:\\NTUST\\course\\Webgame\\CocosHomework2\\assets\\script\\SlotSymbol.ts.meta": {
    "time": 1713881052000
  },
  "F:\\NTUST\\course\\Webgame\\CocosHomework2\\assets\\game\\Script\\Explode.ts.meta": {
    "time": 1713878742000
  },
  "F:\\NTUST\\course\\Webgame\\CocosHomework2\\assets\\scene\\MainScene.scene": {
    "time": 1713889922000,
    "uuid": "0ad3a676-d43c-42b1-8145-1c2f89f3946d",
    "missing": false
  },
  "F:\\NTUST\\course\\Webgame\\CocosHomework2\\assets\\game\\Plist\\Symbols\\Symbol00.png": {
    "time": 1713878742000,
    "uuid": "0806b14e-2643-4987-b6a0-9b6fb3ee93e7",
    "missing": false
  },
  "F:\\NTUST\\course\\Webgame\\CocosHomework2\\assets\\game\\Plist\\Symbols\\Symbol01.png": {
    "time": 1713878742000,
    "uuid": "d07b1264-cd8a-4383-b226-6df59a8a9ba7",
    "missing": false
  },
  "F:\\NTUST\\course\\Webgame\\CocosHomework2\\assets\\game\\Plist\\Symbols\\Symbol02.png": {
    "time": 1713878742000,
    "uuid": "dd6dbaca-a534-43c5-b8a2-c8c7a51822a8",
    "missing": false
  },
  "F:\\NTUST\\course\\Webgame\\CocosHomework2\\assets\\game\\Plist\\Symbols\\Symbol03.png": {
    "time": 1713878742000,
    "uuid": "18b11e41-e1ac-4561-bf36-6878e0a28b0a",
    "missing": false
  },
  "F:\\NTUST\\course\\Webgame\\CocosHomework2\\assets\\game\\Plist\\Symbols\\Symbol04.png": {
    "time": 1713878742000,
    "uuid": "85dd7daf-47d8-4895-b719-26736d57eb28",
    "missing": false
  },
  "F:\\NTUST\\course\\Webgame\\CocosHomework2\\assets\\game\\Plist\\Symbols\\Symbol05.png": {
    "time": 1713878742000,
    "uuid": "40258d33-a63c-45ed-9c07-f656a3fccab2",
    "missing": false
  },
  "F:\\NTUST\\course\\Webgame\\CocosHomework2\\assets\\game\\Plist\\Symbols\\Symbol06.png": {
    "time": 1713878742000,
    "uuid": "67de0104-650e-4855-9501-85aa3ffa3d08",
    "missing": false
  },
  "F:\\NTUST\\course\\Webgame\\CocosHomework2\\assets\\game\\Plist\\Symbols\\SymbolGlow_00.png": {
    "time": 1713878742000,
    "uuid": "55ea1f47-1bae-436c-a38f-a58e84ccaa33",
    "missing": false
  },
  "F:\\NTUST\\course\\Webgame\\CocosHomework2\\assets\\game\\Plist\\Symbols\\SymbolGlow_01.png": {
    "time": 1713878742000,
    "uuid": "d7a84b43-bf61-4b79-a5bd-65a72d1b284c",
    "missing": false
  },
  "F:\\NTUST\\course\\Webgame\\CocosHomework2\\assets\\game\\Plist\\Symbols\\SymbolGlow_02.png": {
    "time": 1713878742000,
    "uuid": "291a06e1-17b6-4ee4-a875-168e90c23de0",
    "missing": false
  },
  "F:\\NTUST\\course\\Webgame\\CocosHomework2\\assets\\game\\Plist\\Symbols\\SymbolGlow_03.png": {
    "time": 1713878742000,
    "uuid": "5539827f-1f43-4cf8-b613-36962cf575bb",
    "missing": false
  },
  "F:\\NTUST\\course\\Webgame\\CocosHomework2\\assets\\game\\Plist\\Symbols\\SymbolGlow_04.png": {
    "time": 1713878742000,
    "uuid": "f16f8877-c9fa-49c4-9204-1051c5de63ba",
    "missing": false
  },
  "F:\\NTUST\\course\\Webgame\\CocosHomework2\\assets\\game\\Plist\\Symbols\\SymbolGlow_05.png": {
    "time": 1713878742000,
    "uuid": "54ad8ec0-2a1a-4015-90b2-7e37fc05c53a",
    "missing": false
  },
  "F:\\NTUST\\course\\Webgame\\CocosHomework2\\assets\\game\\Plist\\Symbols\\SymbolGlow_06.png": {
    "time": 1713878742000,
    "uuid": "b4763810-23ee-4635-a8e4-46f106af8f70",
    "missing": false
  },
  "F:\\NTUST\\course\\Webgame\\CocosHomework2\\assets\\game\\Plist\\Symbols\\SymbolGlow_07.png": {
    "time": 1713878742000,
    "uuid": "557505eb-ffa3-43e0-8daa-3797cf7ceea4",
    "missing": false
  },
  "F:\\NTUST\\course\\Webgame\\CocosHomework2\\assets\\Texture\\Gem3\\Prefabs\\Gem4.prefab": {
    "time": 1713884734000,
    "uuid": "d8c8ad89-6b07-43f4-bdfc-94467c6eb4bb",
    "missing": false
  },
  "F:\\NTUST\\course\\Webgame\\CocosHomework2\\assets\\Texture\\Gem3\\Prefabs\\GemEffect.prefab": {
    "time": 1713884726000,
    "uuid": "3694fb2e-6ee9-404d-9c14-d8ee9bb56a3b",
    "missing": false
  },
  "F:\\NTUST\\course\\Webgame\\CocosHomework2\\assets\\Texture\\Gem3\\Prefabs\\Symbol.prefab": {
    "time": 1713881594000,
    "uuid": "5a3746a8-3fe3-467a-b2ac-3a16d5e096d5",
    "missing": false
  },
  "F:\\NTUST\\course\\Webgame\\CocosHomework2\\assets\\Texture\\Gem3\\Prefabs\\Animation\\Gem4_action\\Gem4.anim": {
    "time": 1713878742000,
    "uuid": "03871516-eaa5-4437-9a82-e288451c323f",
    "missing": false
  },
  "F:\\NTUST\\course\\Webgame\\CocosHomework2\\assets\\Texture\\Gem3\\Prefabs\\Animation\\Gem4_action\\Gem4_H.anim": {
    "time": 1713878742000,
    "uuid": "708514fa-bf88-44ec-ad90-6ac01c7a452b",
    "missing": false
  },
  "F:\\NTUST\\course\\Webgame\\CocosHomework2\\assets\\Texture\\Gem3\\Prefabs\\Animation\\Gem5_action\\Gem5.anim": {
    "time": 1713878742000,
    "uuid": "14fa65db-70b9-4199-84c5-7b5f93f51590",
    "missing": false
  },
  "F:\\NTUST\\course\\Webgame\\CocosHomework2\\assets\\Texture\\Gem3\\Prefabs\\Animation\\Gem5_action\\Gem5_H.anim": {
    "time": 1713878742000,
    "uuid": "68132a7d-4d3e-4eba-a96e-b26e8c111fcd",
    "missing": false
  },
  "F:\\NTUST\\course\\Webgame\\CocosHomework2\\assets\\Texture\\Gem3\\Prefabs\\Animation\\Gem6_action\\Gem6.anim": {
    "time": 1713878742000,
    "uuid": "7d514c63-ad73-47c1-a922-135a56574d68",
    "missing": false
  },
  "F:\\NTUST\\course\\Webgame\\CocosHomework2\\assets\\Texture\\Gem3\\Prefabs\\Animation\\Gem6_action\\Gem6_H.anim": {
    "time": 1713878742000,
    "uuid": "1fdbbf80-9e51-48ca-a567-22b684b896a1",
    "missing": false
  },
  "F:\\NTUST\\course\\Webgame\\CocosHomework2\\assets\\Texture\\Gem3\\Prefabs\\Animation\\GemEffect_action\\GemEffect.anim": {
    "time": 1713878742000,
    "uuid": "b401aaf2-4cc3-4ce6-8507-558dd417f1fc",
    "missing": false
  },
  "F:\\NTUST\\course\\Webgame\\CocosHomework2\\assets\\Texture\\Gem3\\Prefabs\\Animation\\GemEffect_action\\GemEffect_H.anim": {
    "time": 1713878742000,
    "uuid": "dfddbdbd-adf3-4884-ae5c-37e7f1968210",
    "missing": false
  },
  "F:\\NTUST\\course\\Webgame\\CocosHomework2\\assets\\Texture\\Gem3\\Prefabs\\SymbolFX\\Original\\CandyPaper01_00.png": {
    "time": 1713878742000,
    "uuid": "d954705e-42a0-4c31-9d59-44b9f3b43a62",
    "missing": false
  },
  "F:\\NTUST\\course\\Webgame\\CocosHomework2\\assets\\Texture\\Gem3\\Prefabs\\SymbolFX\\Original\\CandyPaper01_01.png": {
    "time": 1713878742000,
    "uuid": "e78cd11a-4370-4f35-8f9c-586155fd6157",
    "missing": false
  },
  "F:\\NTUST\\course\\Webgame\\CocosHomework2\\assets\\Texture\\Gem3\\Prefabs\\SymbolFX\\Original\\CandyPaper01_02.png": {
    "time": 1713878742000,
    "uuid": "a74ce2c3-2339-495d-b765-9cd046b688f2",
    "missing": false
  },
  "F:\\NTUST\\course\\Webgame\\CocosHomework2\\assets\\Texture\\Gem3\\Prefabs\\SymbolFX\\Original\\CandyPaper01_03.png": {
    "time": 1713878742000,
    "uuid": "ad54c806-3c77-441a-af30-5d101d1e97ce",
    "missing": false
  },
  "F:\\NTUST\\course\\Webgame\\CocosHomework2\\assets\\Texture\\Gem3\\Prefabs\\SymbolFX\\Original\\CandyPaper01_04.png": {
    "time": 1713878742000,
    "uuid": "b65f38fe-8b27-4437-86b7-a9f90c337541",
    "missing": false
  },
  "F:\\NTUST\\course\\Webgame\\CocosHomework2\\assets\\Texture\\Gem3\\Prefabs\\SymbolFX\\Original\\CircleColor01_00.png": {
    "time": 1713878742000,
    "uuid": "adcc85b0-8830-4e4d-9ac7-69b55e7983f0",
    "missing": false
  },
  "F:\\NTUST\\course\\Webgame\\CocosHomework2\\assets\\Texture\\Gem3\\Prefabs\\SymbolFX\\Original\\ClearStar_00.png": {
    "time": 1713878742000,
    "uuid": "ac9c15f4-2523-4462-96dd-44871296cbda",
    "missing": false
  },
  "F:\\NTUST\\course\\Webgame\\CocosHomework2\\assets\\Texture\\Gem3\\Prefabs\\SymbolFX\\Original\\FireWork01\\FireWork01_00.png": {
    "time": 1713878742000,
    "uuid": "66f6f277-8702-4e66-95dc-4d4e5dc9a50e",
    "missing": false
  },
  "F:\\NTUST\\course\\Webgame\\CocosHomework2\\assets\\Texture\\Gem3\\Prefabs\\SymbolFX\\Original\\FireWork01\\FireWork01_01.png": {
    "time": 1713878742000,
    "uuid": "a40893f3-acc3-4b8e-92fe-be7d533bd200",
    "missing": false
  },
  "F:\\NTUST\\course\\Webgame\\CocosHomework2\\assets\\Texture\\Gem3\\Prefabs\\SymbolFX\\Original\\FireWork01\\FireWork01_02.png": {
    "time": 1713878742000,
    "uuid": "44dd74f8-a39b-4718-b3ea-b04a56b16ce3",
    "missing": false
  },
  "F:\\NTUST\\course\\Webgame\\CocosHomework2\\assets\\Texture\\Gem3\\Prefabs\\SymbolFX\\Original\\FireWork01\\FireWork01_03.png": {
    "time": 1713878742000,
    "uuid": "5e592611-a697-4393-a570-d4f2eb529c92",
    "missing": false
  },
  "F:\\NTUST\\course\\Webgame\\CocosHomework2\\assets\\Texture\\Gem3\\Prefabs\\SymbolFX\\Original\\FireWork01\\FireWork01_04.png": {
    "time": 1713878742000,
    "uuid": "abdf3735-ae5d-425a-8205-327ec87550e2",
    "missing": false
  },
  "F:\\NTUST\\course\\Webgame\\CocosHomework2\\assets\\Texture\\Gem3\\Prefabs\\SymbolFX\\Original\\FireWork01\\FireWork01_05.png": {
    "time": 1713878742000,
    "uuid": "8830caf8-9c33-43e5-91ca-1040f26502ee",
    "missing": false
  },
  "F:\\NTUST\\course\\Webgame\\CocosHomework2\\assets\\Texture\\Gem3\\Prefabs\\SymbolFX\\Original\\FireWork01\\FireWork01_06.png": {
    "time": 1713878742000,
    "uuid": "abf59023-1679-46eb-8533-8a9ec35f7281",
    "missing": false
  },
  "F:\\NTUST\\course\\Webgame\\CocosHomework2\\assets\\Texture\\Gem3\\Prefabs\\SymbolFX\\Original\\FireWork01\\FireWork01_07.png": {
    "time": 1713878742000,
    "uuid": "b9a5adf6-9231-4e5c-a928-c98967863ab6",
    "missing": false
  },
  "F:\\NTUST\\course\\Webgame\\CocosHomework2\\assets\\Texture\\Gem3\\Prefabs\\SymbolFX\\Original\\FireWork01\\FireWork01_08.png": {
    "time": 1713878742000,
    "uuid": "44070db6-8199-4cac-8e8b-97d8c703b1d4",
    "missing": false
  },
  "F:\\NTUST\\course\\Webgame\\CocosHomework2\\assets\\Texture\\Gem3\\Prefabs\\SymbolFX\\Original\\FireWork01\\FireWork01_09.png": {
    "time": 1713878742000,
    "uuid": "8c5ac21a-642f-4ce0-8f6e-4c33b9037bf1",
    "missing": false
  },
  "F:\\NTUST\\course\\Webgame\\CocosHomework2\\assets\\Texture\\Gem3\\Prefabs\\SymbolFX\\Original\\FireWork01\\FireWork01_10.png": {
    "time": 1713878742000,
    "uuid": "576679c0-fa4d-45fb-ab8c-9800bbbe8071",
    "missing": false
  },
  "F:\\NTUST\\course\\Webgame\\CocosHomework2\\assets\\Texture\\Gem3\\Prefabs\\SymbolFX\\Original\\FireWork01\\FireWork01_11.png": {
    "time": 1713878742000,
    "uuid": "c82013b0-b86b-4331-9536-49c0a730f701",
    "missing": false
  },
  "F:\\NTUST\\course\\Webgame\\CocosHomework2\\assets\\Texture\\Gem3\\Prefabs\\SymbolFX\\Original\\FireWork01\\FireWork01_12.png": {
    "time": 1713878742000,
    "uuid": "3fecf1cc-8b5b-4f15-a0c5-65dcb608f089",
    "missing": false
  },
  "F:\\NTUST\\course\\Webgame\\CocosHomework2\\assets\\Texture\\Gem3\\Prefabs\\SymbolFX\\Original\\FireWork01\\FireWork01_13.png": {
    "time": 1713878742000,
    "uuid": "05d26157-8e76-4c6d-a6e3-6f66828f2da1",
    "missing": false
  },
  "F:\\NTUST\\course\\Webgame\\CocosHomework2\\assets\\Texture\\Gem3\\Prefabs\\SymbolFX\\Original\\FireWork01\\FireWork01_14.png": {
    "time": 1713878742000,
    "uuid": "234bbfd9-b3ea-4a83-a7e2-a8c237cfd491",
    "missing": false
  },
  "F:\\NTUST\\course\\Webgame\\CocosHomework2\\assets\\scene\\MainScene.scene.meta": {
    "time": 1713805410000
  },
  "F:\\NTUST\\course\\Webgame\\CocosHomework2\\assets\\game\\Plist\\Symbols\\Symbol01.png.meta": {
    "time": 1713878742000
  },
  "F:\\NTUST\\course\\Webgame\\CocosHomework2\\assets\\game\\Plist\\Symbols\\Symbol02.png.meta": {
    "time": 1713878742000
  },
  "F:\\NTUST\\course\\Webgame\\CocosHomework2\\assets\\game\\Plist\\Symbols\\Symbol00.png.meta": {
    "time": 1713878742000
  },
  "F:\\NTUST\\course\\Webgame\\CocosHomework2\\assets\\game\\Plist\\Symbols\\Symbol03.png.meta": {
    "time": 1713878742000
  },
  "F:\\NTUST\\course\\Webgame\\CocosHomework2\\assets\\game\\Plist\\Symbols\\Symbol04.png.meta": {
    "time": 1713878742000
  },
  "F:\\NTUST\\course\\Webgame\\CocosHomework2\\assets\\game\\Plist\\Symbols\\Symbol06.png.meta": {
    "time": 1713878742000
  },
  "F:\\NTUST\\course\\Webgame\\CocosHomework2\\assets\\game\\Plist\\Symbols\\Symbol05.png.meta": {
    "time": 1713878742000
  },
  "F:\\NTUST\\course\\Webgame\\CocosHomework2\\assets\\game\\Plist\\Symbols\\SymbolGlow_00.png.meta": {
    "time": 1713878742000
  },
  "F:\\NTUST\\course\\Webgame\\CocosHomework2\\assets\\game\\Plist\\Symbols\\SymbolGlow_01.png.meta": {
    "time": 1713878742000
  },
  "F:\\NTUST\\course\\Webgame\\CocosHomework2\\assets\\game\\Plist\\Symbols\\SymbolGlow_02.png.meta": {
    "time": 1713878742000
  },
  "F:\\NTUST\\course\\Webgame\\CocosHomework2\\assets\\game\\Plist\\Symbols\\SymbolGlow_03.png.meta": {
    "time": 1713878742000
  },
  "F:\\NTUST\\course\\Webgame\\CocosHomework2\\assets\\game\\Plist\\Symbols\\SymbolGlow_06.png.meta": {
    "time": 1713878742000
  },
  "F:\\NTUST\\course\\Webgame\\CocosHomework2\\assets\\game\\Plist\\Symbols\\SymbolGlow_05.png.meta": {
    "time": 1713878742000
  },
  "F:\\NTUST\\course\\Webgame\\CocosHomework2\\assets\\game\\Plist\\Symbols\\SymbolGlow_04.png.meta": {
    "time": 1713878742000
  },
  "F:\\NTUST\\course\\Webgame\\CocosHomework2\\assets\\game\\Plist\\Symbols\\SymbolGlow_07.png.meta": {
    "time": 1713878742000
  },
  "F:\\NTUST\\course\\Webgame\\CocosHomework2\\assets\\Texture\\Gem3\\Prefabs\\Gem4.prefab.meta": {
    "time": 1713878742000
  },
  "F:\\NTUST\\course\\Webgame\\CocosHomework2\\assets\\Texture\\Gem3\\Prefabs\\GemEffect.prefab.meta": {
    "time": 1713878742000
  },
  "F:\\NTUST\\course\\Webgame\\CocosHomework2\\assets\\Texture\\Gem3\\Prefabs\\Symbol.prefab.meta": {
    "time": 1713880980000
  },
  "F:\\NTUST\\course\\Webgame\\CocosHomework2\\assets\\Texture\\Gem3\\Prefabs\\Animation\\Gem4_action\\Gem4.anim.meta": {
    "time": 1713878742000
  },
  "F:\\NTUST\\course\\Webgame\\CocosHomework2\\assets\\Texture\\Gem3\\Prefabs\\Animation\\Gem4_action\\Gem4_H.anim.meta": {
    "time": 1713878742000
  },
  "F:\\NTUST\\course\\Webgame\\CocosHomework2\\assets\\Texture\\Gem3\\Prefabs\\Animation\\Gem5_action\\Gem5_H.anim.meta": {
    "time": 1713878742000
  },
  "F:\\NTUST\\course\\Webgame\\CocosHomework2\\assets\\Texture\\Gem3\\Prefabs\\Animation\\Gem5_action\\Gem5.anim.meta": {
    "time": 1713878742000
  },
  "F:\\NTUST\\course\\Webgame\\CocosHomework2\\assets\\Texture\\Gem3\\Prefabs\\Animation\\Gem6_action\\Gem6.anim.meta": {
    "time": 1713878742000
  },
  "F:\\NTUST\\course\\Webgame\\CocosHomework2\\assets\\Texture\\Gem3\\Prefabs\\Animation\\GemEffect_action\\GemEffect.anim.meta": {
    "time": 1713878742000
  },
  "F:\\NTUST\\course\\Webgame\\CocosHomework2\\assets\\Texture\\Gem3\\Prefabs\\Animation\\Gem6_action\\Gem6_H.anim.meta": {
    "time": 1713878742000
  },
  "F:\\NTUST\\course\\Webgame\\CocosHomework2\\assets\\Texture\\Gem3\\Prefabs\\Animation\\GemEffect_action\\GemEffect_H.anim.meta": {
    "time": 1713878742000
  },
  "F:\\NTUST\\course\\Webgame\\CocosHomework2\\assets\\Texture\\Gem3\\Prefabs\\SymbolFX\\Original\\CandyPaper01_01.png.meta": {
    "time": 1713878742000
  },
  "F:\\NTUST\\course\\Webgame\\CocosHomework2\\assets\\Texture\\Gem3\\Prefabs\\SymbolFX\\Original\\CandyPaper01_00.png.meta": {
    "time": 1713878742000
  },
  "F:\\NTUST\\course\\Webgame\\CocosHomework2\\assets\\Texture\\Gem3\\Prefabs\\SymbolFX\\Original\\CandyPaper01_02.png.meta": {
    "time": 1713878742000
  },
  "F:\\NTUST\\course\\Webgame\\CocosHomework2\\assets\\Texture\\Gem3\\Prefabs\\SymbolFX\\Original\\CandyPaper01_03.png.meta": {
    "time": 1713878742000
  },
  "F:\\NTUST\\course\\Webgame\\CocosHomework2\\assets\\Texture\\Gem3\\Prefabs\\SymbolFX\\Original\\CandyPaper01_04.png.meta": {
    "time": 1713878742000
  },
  "F:\\NTUST\\course\\Webgame\\CocosHomework2\\assets\\Texture\\Gem3\\Prefabs\\SymbolFX\\Original\\ClearStar_00.png.meta": {
    "time": 1713878742000
  },
  "F:\\NTUST\\course\\Webgame\\CocosHomework2\\assets\\Texture\\Gem3\\Prefabs\\SymbolFX\\Original\\CircleColor01_00.png.meta": {
    "time": 1713878742000
  },
  "F:\\NTUST\\course\\Webgame\\CocosHomework2\\assets\\Texture\\Gem3\\Prefabs\\SymbolFX\\Original\\FireWork01\\FireWork01_00.png.meta": {
    "time": 1713878742000
  },
  "F:\\NTUST\\course\\Webgame\\CocosHomework2\\assets\\Texture\\Gem3\\Prefabs\\SymbolFX\\Original\\FireWork01\\FireWork01_01.png.meta": {
    "time": 1713878742000
  },
  "F:\\NTUST\\course\\Webgame\\CocosHomework2\\assets\\Texture\\Gem3\\Prefabs\\SymbolFX\\Original\\FireWork01\\FireWork01_02.png.meta": {
    "time": 1713878742000
  },
  "F:\\NTUST\\course\\Webgame\\CocosHomework2\\assets\\Texture\\Gem3\\Prefabs\\SymbolFX\\Original\\FireWork01\\FireWork01_05.png.meta": {
    "time": 1713878742000
  },
  "F:\\NTUST\\course\\Webgame\\CocosHomework2\\assets\\Texture\\Gem3\\Prefabs\\SymbolFX\\Original\\FireWork01\\FireWork01_04.png.meta": {
    "time": 1713878742000
  },
  "F:\\NTUST\\course\\Webgame\\CocosHomework2\\assets\\Texture\\Gem3\\Prefabs\\SymbolFX\\Original\\FireWork01\\FireWork01_03.png.meta": {
    "time": 1713878742000
  },
  "F:\\NTUST\\course\\Webgame\\CocosHomework2\\assets\\Texture\\Gem3\\Prefabs\\SymbolFX\\Original\\FireWork01\\FireWork01_07.png.meta": {
    "time": 1713878742000
  },
  "F:\\NTUST\\course\\Webgame\\CocosHomework2\\assets\\Texture\\Gem3\\Prefabs\\SymbolFX\\Original\\FireWork01\\FireWork01_06.png.meta": {
    "time": 1713878742000
  },
  "F:\\NTUST\\course\\Webgame\\CocosHomework2\\assets\\Texture\\Gem3\\Prefabs\\SymbolFX\\Original\\FireWork01\\FireWork01_08.png.meta": {
    "time": 1713878742000
  },
  "F:\\NTUST\\course\\Webgame\\CocosHomework2\\assets\\Texture\\Gem3\\Prefabs\\SymbolFX\\Original\\FireWork01\\FireWork01_09.png.meta": {
    "time": 1713878742000
  },
  "F:\\NTUST\\course\\Webgame\\CocosHomework2\\assets\\Texture\\Gem3\\Prefabs\\SymbolFX\\Original\\FireWork01\\FireWork01_11.png.meta": {
    "time": 1713878742000
  },
  "F:\\NTUST\\course\\Webgame\\CocosHomework2\\assets\\Texture\\Gem3\\Prefabs\\SymbolFX\\Original\\FireWork01\\FireWork01_10.png.meta": {
    "time": 1713878742000
  },
  "F:\\NTUST\\course\\Webgame\\CocosHomework2\\assets\\Texture\\Gem3\\Prefabs\\SymbolFX\\Original\\FireWork01\\FireWork01_12.png.meta": {
    "time": 1713878742000
  },
  "F:\\NTUST\\course\\Webgame\\CocosHomework2\\assets\\Texture\\Gem3\\Prefabs\\SymbolFX\\Original\\FireWork01\\FireWork01_14.png.meta": {
    "time": 1713878742000
  },
  "F:\\NTUST\\course\\Webgame\\CocosHomework2\\assets\\Texture\\Gem3\\Prefabs\\SymbolFX\\Original\\FireWork01\\FireWork01_13.png.meta": {
    "time": 1713878742000
  }
}
