[
  {
    "__type__": "cc.Prefab",
    "_name": "Gem4",
    "_objFlags": 0,
    "_native": "",
    "data": {
      "__id__": 1
    },
    "optimizationPolicy": 0,
    "persistent": false,
    "asyncLoadAssets": false
  },
  {
    "__type__": "cc.Node",
    "_name": "Gem4",
    "_objFlags": 0,
    "__editorExtras__": {},
    "_parent": null,
    "_children": [
      {
        "__id__": 2
      }
    ],
    "_active": true,
    "_components": [
      {
        "__id__": 132
      },
      {
        "__id__": 134
      },
      {
        "__id__": 136
      }
    ],
    "_prefab": {
      "__id__": 138
    },
    "_lpos": {
      "__type__": "cc.Vec3",
      "x": 0,
      "y": 0,
      "z": 0
    },
    "_lrot": {
      "__type__": "cc.Quat",
      "x": 0,
      "y": 0,
      "z": 0,
      "w": 1
    },
    "_lscale": {
      "__type__": "cc.Vec3",
      "x": 1,
      "y": 1,
      "z": 1
    },
    "_layer": 33554432,
    "_euler": {
      "__type__": "cc.Vec3",
      "x": 0,
      "y": 0,
      "z": 0
    },
    "_id": ""
  },
  {
    "__type__": "cc.Node",
    "_name": "Node_00",
    "_objFlags": 0,
    "_parent": {
      "__id__": 1
    },
    "_children": [
      {
        "__id__": 3
      },
      {
        "__id__": 57
      },
      {
        "__id__": 65
      },
      {
        "__id__": 119
      }
    ],
    "_active": true,
    "_components": [
      {
        "__id__": 127
      },
      {
        "__id__": 129
      }
    ],
    "_prefab": {
      "__id__": 131
    },
    "_lpos": {
      "__type__": "cc.Vec3",
      "x": 0,
      "y": 0,
      "z": 0
    },
    "_lrot": {
      "__type__": "cc.Quat",
      "x": 0,
      "y": 0,
      "z": 0,
      "w": 1
    },
    "_lscale": {
      "__type__": "cc.Vec3",
      "x": 1,
      "y": 1,
      "z": 1
    },
    "_layer": 33554432,
    "_euler": {
      "__type__": "cc.Vec3",
      "x": 0,
      "y": 0,
      "z": 0
    },
    "_id": ""
  },
  {
    "__type__": "cc.Node",
    "_name": "Node_CandyPaper",
    "_objFlags": 0,
    "_parent": {
      "__id__": 2
    },
    "_children": [
      {
        "__id__": 4
      },
      {
        "__id__": 12
      },
      {
        "__id__": 20
      },
      {
        "__id__": 28
      },
      {
        "__id__": 36
      },
      {
        "__id__": 44
      }
    ],
    "_active": false,
    "_components": [
      {
        "__id__": 52
      },
      {
        "__id__": 54
      }
    ],
    "_prefab": {
      "__id__": 56
    },
    "_lpos": {
      "__type__": "cc.Vec3",
      "x": 0,
      "y": 0,
      "z": 0
    },
    "_lrot": {
      "__type__": "cc.Quat",
      "x": 0,
      "y": 0,
      "z": 0,
      "w": 1
    },
    "_lscale": {
      "__type__": "cc.Vec3",
      "x": 1,
      "y": 1,
      "z": 1
    },
    "_layer": 33554432,
    "_euler": {
      "__type__": "cc.Vec3",
      "x": 0,
      "y": 0,
      "z": 0
    },
    "_id": ""
  },
  {
    "__type__": "cc.Node",
    "_name": "CandyPaper00",
    "_objFlags": 0,
    "_parent": {
      "__id__": 3
    },
    "_children": [],
    "_active": true,
    "_components": [
      {
        "__id__": 5
      },
      {
        "__id__": 7
      },
      {
        "__id__": 9
      }
    ],
    "_prefab": {
      "__id__": 11
    },
    "_lpos": {
      "__type__": "cc.Vec3",
      "x": -28.0267,
      "y": 19,
      "z": 0
    },
    "_lrot": {
      "__type__": "cc.Quat",
      "x": 0,
      "y": 0,
      "z": -0.10915574035943994,
      "w": 0.994024659828207
    },
    "_lscale": {
      "__type__": "cc.Vec3",
      "x": 1.0373,
      "y": 1.0373,
      "z": 1
    },
    "_layer": 33554432,
    "_euler": {
      "__type__": "cc.Vec3",
      "x": 0,
      "y": 0,
      "z": -12.5333
    },
    "_id": ""
  },
  {
    "__type__": "cc.Sprite",
    "_name": "",
    "_objFlags": 0,
    "node": {
      "__id__": 4
    },
    "_enabled": true,
    "__prefab": {
      "__id__": 6
    },
    "_customMaterial": null,
    "_srcBlendFactor": 2,
    "_dstBlendFactor": 4,
    "_color": {
      "__type__": "cc.Color",
      "r": 255,
      "g": 255,
      "b": 255,
      "a": 255
    },
    "_spriteFrame": {
      "__uuid__": "d954705e-42a0-4c31-9d59-44b9f3b43a62@f9941",
      "__expectedType__": "cc.SpriteFrame"
    },
    "_type": 0,
    "_fillType": 0,
    "_sizeMode": 2,
    "_fillCenter": {
      "__type__": "cc.Vec2",
      "x": 0,
      "y": 0
    },
    "_fillStart": 0,
    "_fillRange": 0,
    "_isTrimmedMode": false,
    "_useGrayscale": false,
    "_atlas": null,
    "_id": ""
  },
  {
    "__type__": "cc.CompPrefabInfo",
    "fileId": "77UlglbzVPN5aJjsQ0ce97"
  },
  {
    "__type__": "cc.UIOpacity",
    "_name": "",
    "_objFlags": 0,
    "node": {
      "__id__": 4
    },
    "_enabled": true,
    "__prefab": {
      "__id__": 8
    },
    "_opacity": 255,
    "_id": ""
  },
  {
    "__type__": "cc.CompPrefabInfo",
    "fileId": "2dE/tY2oxOXJ8QlROxSjaE"
  },
  {
    "__type__": "cc.UITransform",
    "_name": "",
    "_objFlags": 0,
    "node": {
      "__id__": 4
    },
    "_enabled": true,
    "__prefab": {
      "__id__": 10
    },
    "_contentSize": {
      "__type__": "cc.Size",
      "width": 50,
      "height": 50
    },
    "_anchorPoint": {
      "__type__": "cc.Vec2",
      "x": 0.5,
      "y": 0.5
    },
    "_id": ""
  },
  {
    "__type__": "cc.CompPrefabInfo",
    "fileId": "f3ClTK02hDsJq/OQxnGwEe"
  },
  {
    "__type__": "cc.PrefabInfo",
    "root": {
      "__id__": 1
    },
    "asset": {
      "__id__": 0
    },
    "fileId": "0d38UmVKlLULr43HO+cBPZ"
  },
  {
    "__type__": "cc.Node",
    "_name": "CandyPaper02",
    "_objFlags": 0,
    "_parent": {
      "__id__": 3
    },
    "_children": [],
    "_active": true,
    "_components": [
      {
        "__id__": 13
      },
      {
        "__id__": 15
      },
      {
        "__id__": 17
      }
    ],
    "_prefab": {
      "__id__": 19
    },
    "_lpos": {
      "__type__": "cc.Vec3",
      "x": -28.671,
      "y": 7.1364,
      "z": 0
    },
    "_lrot": {
      "__type__": "cc.Quat",
      "x": 0,
      "y": 0,
      "z": -0.00788182529239626,
      "w": 0.9999689379326041
    },
    "_lscale": {
      "__type__": "cc.Vec3",
      "x": 0.5352,
      "y": 0.5352,
      "z": 1
    },
    "_layer": 33554432,
    "_euler": {
      "__type__": "cc.Vec3",
      "x": 0,
      "y": 0,
      "z": -0.9032
    },
    "_id": ""
  },
  {
    "__type__": "cc.Sprite",
    "_name": "",
    "_objFlags": 0,
    "node": {
      "__id__": 12
    },
    "_enabled": true,
    "__prefab": {
      "__id__": 14
    },
    "_customMaterial": null,
    "_srcBlendFactor": 2,
    "_dstBlendFactor": 4,
    "_color": {
      "__type__": "cc.Color",
      "r": 255,
      "g": 255,
      "b": 255,
      "a": 255
    },
    "_spriteFrame": {
      "__uuid__": "a74ce2c3-2339-495d-b765-9cd046b688f2@f9941",
      "__expectedType__": "cc.SpriteFrame"
    },
    "_type": 0,
    "_fillType": 0,
    "_sizeMode": 2,
    "_fillCenter": {
      "__type__": "cc.Vec2",
      "x": 0,
      "y": 0
    },
    "_fillStart": 0,
    "_fillRange": 0,
    "_isTrimmedMode": false,
    "_useGrayscale": false,
    "_atlas": null,
    "_id": ""
  },
  {
    "__type__": "cc.CompPrefabInfo",
    "fileId": "40Mke0WndPt6OtTJt0eIPn"
  },
  {
    "__type__": "cc.UIOpacity",
    "_name": "",
    "_objFlags": 0,
    "node": {
      "__id__": 12
    },
    "_enabled": true,
    "__prefab": {
      "__id__": 16
    },
    "_opacity": 255,
    "_id": ""
  },
  {
    "__type__": "cc.CompPrefabInfo",
    "fileId": "9c+pCCdNpDXIEpqW42HgtI"
  },
  {
    "__type__": "cc.UITransform",
    "_name": "",
    "_objFlags": 0,
    "node": {
      "__id__": 12
    },
    "_enabled": true,
    "__prefab": {
      "__id__": 18
    },
    "_contentSize": {
      "__type__": "cc.Size",
      "width": 50,
      "height": 50
    },
    "_anchorPoint": {
      "__type__": "cc.Vec2",
      "x": 0.5,
      "y": 0.5
    },
    "_id": ""
  },
  {
    "__type__": "cc.CompPrefabInfo",
    "fileId": "5eTv+pYotH0bi45r/PG5Cj"
  },
  {
    "__type__": "cc.PrefabInfo",
    "root": {
      "__id__": 1
    },
    "asset": {
      "__id__": 0
    },
    "fileId": "d4hypRnSZFILWpqUAQksY8"
  },
  {
    "__type__": "cc.Node",
    "_name": "CandyPaper04",
    "_objFlags": 0,
    "_parent": {
      "__id__": 3
    },
    "_children": [],
    "_active": true,
    "_components": [
      {
        "__id__": 21
      },
      {
        "__id__": 23
      },
      {
        "__id__": 25
      }
    ],
    "_prefab": {
      "__id__": 27
    },
    "_lpos": {
      "__type__": "cc.Vec3",
      "x": 24.1793,
      "y": 36.9364,
      "z": 0
    },
    "_lrot": {
      "__type__": "cc.Quat",
      "x": 0,
      "y": 0,
      "z": -0.9221429166183109,
      "w": -0.3868493780926561
    },
    "_lscale": {
      "__type__": "cc.Vec3",
      "x": 0.8824,
      "y": 0.8824,
      "z": 1
    },
    "_layer": 33554432,
    "_euler": {
      "__type__": "cc.Vec3",
      "x": 0,
      "y": 0,
      "z": -225.5172
    },
    "_id": ""
  },
  {
    "__type__": "cc.Sprite",
    "_name": "",
    "_objFlags": 0,
    "node": {
      "__id__": 20
    },
    "_enabled": true,
    "__prefab": {
      "__id__": 22
    },
    "_customMaterial": null,
    "_srcBlendFactor": 2,
    "_dstBlendFactor": 4,
    "_color": {
      "__type__": "cc.Color",
      "r": 255,
      "g": 255,
      "b": 255,
      "a": 255
    },
    "_spriteFrame": {
      "__uuid__": "b65f38fe-8b27-4437-86b7-a9f90c337541@f9941",
      "__expectedType__": "cc.SpriteFrame"
    },
    "_type": 0,
    "_fillType": 0,
    "_sizeMode": 2,
    "_fillCenter": {
      "__type__": "cc.Vec2",
      "x": 0,
      "y": 0
    },
    "_fillStart": 0,
    "_fillRange": 0,
    "_isTrimmedMode": false,
    "_useGrayscale": false,
    "_atlas": null,
    "_id": ""
  },
  {
    "__type__": "cc.CompPrefabInfo",
    "fileId": "13Sl0Si2dGGZJyDYHrDQD6"
  },
  {
    "__type__": "cc.UIOpacity",
    "_name": "",
    "_objFlags": 0,
    "node": {
      "__id__": 20
    },
    "_enabled": true,
    "__prefab": {
      "__id__": 24
    },
    "_opacity": 255,
    "_id": ""
  },
  {
    "__type__": "cc.CompPrefabInfo",
    "fileId": "68PO6D6pNGO7ohf2yN9L5t"
  },
  {
    "__type__": "cc.UITransform",
    "_name": "",
    "_objFlags": 0,
    "node": {
      "__id__": 20
    },
    "_enabled": true,
    "__prefab": {
      "__id__": 26
    },
    "_contentSize": {
      "__type__": "cc.Size",
      "width": 50,
      "height": 50
    },
    "_anchorPoint": {
      "__type__": "cc.Vec2",
      "x": 0.5,
      "y": 0.5
    },
    "_id": ""
  },
  {
    "__type__": "cc.CompPrefabInfo",
    "fileId": "99+ylu6WdEuI8BihvZbHiC"
  },
  {
    "__type__": "cc.PrefabInfo",
    "root": {
      "__id__": 1
    },
    "asset": {
      "__id__": 0
    },
    "fileId": "a6Z8JGFkpJSZFswU/X2Krb"
  },
  {
    "__type__": "cc.Node",
    "_name": "CandyPaper03",
    "_objFlags": 0,
    "_parent": {
      "__id__": 3
    },
    "_children": [],
    "_active": true,
    "_components": [
      {
        "__id__": 29
      },
      {
        "__id__": 31
      },
      {
        "__id__": 33
      }
    ],
    "_prefab": {
      "__id__": 35
    },
    "_lpos": {
      "__type__": "cc.Vec3",
      "x": 34.5867,
      "y": 8.8,
      "z": 0
    },
    "_lrot": {
      "__type__": "cc.Quat",
      "x": 0,
      "y": 0,
      "z": 0.12764193636943458,
      "w": 0.9918203144117694
    },
    "_lscale": {
      "__type__": "cc.Vec3",
      "x": 0.982,
      "y": 0.982,
      "z": 1
    },
    "_layer": 33554432,
    "_euler": {
      "__type__": "cc.Vec3",
      "x": 0,
      "y": 0,
      "z": 14.6667
    },
    "_id": ""
  },
  {
    "__type__": "cc.Sprite",
    "_name": "",
    "_objFlags": 0,
    "node": {
      "__id__": 28
    },
    "_enabled": true,
    "__prefab": {
      "__id__": 30
    },
    "_customMaterial": null,
    "_srcBlendFactor": 2,
    "_dstBlendFactor": 4,
    "_color": {
      "__type__": "cc.Color",
      "r": 255,
      "g": 255,
      "b": 255,
      "a": 255
    },
    "_spriteFrame": {
      "__uuid__": "ad54c806-3c77-441a-af30-5d101d1e97ce@f9941",
      "__expectedType__": "cc.SpriteFrame"
    },
    "_type": 0,
    "_fillType": 0,
    "_sizeMode": 2,
    "_fillCenter": {
      "__type__": "cc.Vec2",
      "x": 0,
      "y": 0
    },
    "_fillStart": 0,
    "_fillRange": 0,
    "_isTrimmedMode": false,
    "_useGrayscale": false,
    "_atlas": null,
    "_id": ""
  },
  {
    "__type__": "cc.CompPrefabInfo",
    "fileId": "a06Fee8zhKQI9j2RMXc6ec"
  },
  {
    "__type__": "cc.UIOpacity",
    "_name": "",
    "_objFlags": 0,
    "node": {
      "__id__": 28
    },
    "_enabled": true,
    "__prefab": {
      "__id__": 32
    },
    "_opacity": 255,
    "_id": ""
  },
  {
    "__type__": "cc.CompPrefabInfo",
    "fileId": "f8uLHWaCdG0bdbg0+jn2T9"
  },
  {
    "__type__": "cc.UITransform",
    "_name": "",
    "_objFlags": 0,
    "node": {
      "__id__": 28
    },
    "_enabled": true,
    "__prefab": {
      "__id__": 34
    },
    "_contentSize": {
      "__type__": "cc.Size",
      "width": 50,
      "height": 50
    },
    "_anchorPoint": {
      "__type__": "cc.Vec2",
      "x": 0.5,
      "y": 0.5
    },
    "_id": ""
  },
  {
    "__type__": "cc.CompPrefabInfo",
    "fileId": "acwnSmne9IyKMe0kcAOMkT"
  },
  {
    "__type__": "cc.PrefabInfo",
    "root": {
      "__id__": 1
    },
    "asset": {
      "__id__": 0
    },
    "fileId": "40KTTCTFBA4bCrEhdGzIFb"
  },
  {
    "__type__": "cc.Node",
    "_name": "CandyPaper01",
    "_objFlags": 0,
    "_parent": {
      "__id__": 3
    },
    "_children": [],
    "_active": true,
    "_components": [
      {
        "__id__": 37
      },
      {
        "__id__": 39
      },
      {
        "__id__": 41
      }
    ],
    "_prefab": {
      "__id__": 43
    },
    "_lpos": {
      "__type__": "cc.Vec3",
      "x": 2.4,
      "y": -38.4091,
      "z": 0
    },
    "_lrot": {
      "__type__": "cc.Quat",
      "x": 0,
      "y": 0,
      "z": 0.8064446042674825,
      "w": 0.5913096483635824
    },
    "_lscale": {
      "__type__": "cc.Vec3",
      "x": 0.56,
      "y": 0.56,
      "z": 1
    },
    "_layer": 33554432,
    "_euler": {
      "__type__": "cc.Vec3",
      "x": 0,
      "y": 0,
      "z": 107.5
    },
    "_id": ""
  },
  {
    "__type__": "cc.Sprite",
    "_name": "",
    "_objFlags": 0,
    "node": {
      "__id__": 36
    },
    "_enabled": true,
    "__prefab": {
      "__id__": 38
    },
    "_customMaterial": null,
    "_srcBlendFactor": 2,
    "_dstBlendFactor": 4,
    "_color": {
      "__type__": "cc.Color",
      "r": 255,
      "g": 255,
      "b": 255,
      "a": 255
    },
    "_spriteFrame": {
      "__uuid__": "e78cd11a-4370-4f35-8f9c-586155fd6157@f9941",
      "__expectedType__": "cc.SpriteFrame"
    },
    "_type": 0,
    "_fillType": 0,
    "_sizeMode": 2,
    "_fillCenter": {
      "__type__": "cc.Vec2",
      "x": 0,
      "y": 0
    },
    "_fillStart": 0,
    "_fillRange": 0,
    "_isTrimmedMode": false,
    "_useGrayscale": false,
    "_atlas": null,
    "_id": ""
  },
  {
    "__type__": "cc.CompPrefabInfo",
    "fileId": "62VohBaY9JypcGMJ4Iq3Kg"
  },
  {
    "__type__": "cc.UIOpacity",
    "_name": "",
    "_objFlags": 0,
    "node": {
      "__id__": 36
    },
    "_enabled": true,
    "__prefab": {
      "__id__": 40
    },
    "_opacity": 255,
    "_id": ""
  },
  {
    "__type__": "cc.CompPrefabInfo",
    "fileId": "f47/kFwwZGY4tcKhdCgGMJ"
  },
  {
    "__type__": "cc.UITransform",
    "_name": "",
    "_objFlags": 0,
    "node": {
      "__id__": 36
    },
    "_enabled": true,
    "__prefab": {
      "__id__": 42
    },
    "_contentSize": {
      "__type__": "cc.Size",
      "width": 50,
      "height": 50
    },
    "_anchorPoint": {
      "__type__": "cc.Vec2",
      "x": 0.5,
      "y": 0.5
    },
    "_id": ""
  },
  {
    "__type__": "cc.CompPrefabInfo",
    "fileId": "96JKrdMLlKyrm21+0iMPkK"
  },
  {
    "__type__": "cc.PrefabInfo",
    "root": {
      "__id__": 1
    },
    "asset": {
      "__id__": 0
    },
    "fileId": "07M79tOb9MOIWL9Ll9XDhX"
  },
  {
    "__type__": "cc.Node",
    "_name": "CandyPaper02_2",
    "_objFlags": 0,
    "_parent": {
      "__id__": 3
    },
    "_children": [],
    "_active": true,
    "_components": [
      {
        "__id__": 45
      },
      {
        "__id__": 47
      },
      {
        "__id__": 49
      }
    ],
    "_prefab": {
      "__id__": 51
    },
    "_lpos": {
      "__type__": "cc.Vec3",
      "x": -35.9419,
      "y": -16.8,
      "z": 0
    },
    "_lrot": {
      "__type__": "cc.Quat",
      "x": 0,
      "y": 0,
      "z": -0.010134080832689723,
      "w": 0.9999486488843697
    },
    "_lscale": {
      "__type__": "cc.Vec3",
      "x": 0.8403,
      "y": 0.8403,
      "z": 1
    },
    "_layer": 33554432,
    "_euler": {
      "__type__": "cc.Vec3",
      "x": 0,
      "y": 0,
      "z": -1.1613
    },
    "_id": ""
  },
  {
    "__type__": "cc.Sprite",
    "_name": "",
    "_objFlags": 0,
    "node": {
      "__id__": 44
    },
    "_enabled": true,
    "__prefab": {
      "__id__": 46
    },
    "_customMaterial": null,
    "_srcBlendFactor": 2,
    "_dstBlendFactor": 4,
    "_color": {
      "__type__": "cc.Color",
      "r": 255,
      "g": 255,
      "b": 255,
      "a": 255
    },
    "_spriteFrame": {
      "__uuid__": "a74ce2c3-2339-495d-b765-9cd046b688f2@f9941",
      "__expectedType__": "cc.SpriteFrame"
    },
    "_type": 0,
    "_fillType": 0,
    "_sizeMode": 2,
    "_fillCenter": {
      "__type__": "cc.Vec2",
      "x": 0,
      "y": 0
    },
    "_fillStart": 0,
    "_fillRange": 0,
    "_isTrimmedMode": false,
    "_useGrayscale": false,
    "_atlas": null,
    "_id": ""
  },
  {
    "__type__": "cc.CompPrefabInfo",
    "fileId": "3bZlkTDUVM5b7jEZ05tUl/"
  },
  {
    "__type__": "cc.UIOpacity",
    "_name": "",
    "_objFlags": 0,
    "node": {
      "__id__": 44
    },
    "_enabled": true,
    "__prefab": {
      "__id__": 48
    },
    "_opacity": 255,
    "_id": ""
  },
  {
    "__type__": "cc.CompPrefabInfo",
    "fileId": "8bqTu0ie9EyoCpzelCvku4"
  },
  {
    "__type__": "cc.UITransform",
    "_name": "",
    "_objFlags": 0,
    "node": {
      "__id__": 44
    },
    "_enabled": true,
    "__prefab": {
      "__id__": 50
    },
    "_contentSize": {
      "__type__": "cc.Size",
      "width": 50,
      "height": 50
    },
    "_anchorPoint": {
      "__type__": "cc.Vec2",
      "x": 0.5,
      "y": 0.5
    },
    "_id": ""
  },
  {
    "__type__": "cc.CompPrefabInfo",
    "fileId": "297PojPjxMg53WPF8UFPY/"
  },
  {
    "__type__": "cc.PrefabInfo",
    "root": {
      "__id__": 1
    },
    "asset": {
      "__id__": 0
    },
    "fileId": "f4HZFqbIlLVoCHwEvHuP/a"
  },
  {
    "__type__": "cc.UIOpacity",
    "_name": "",
    "_objFlags": 0,
    "node": {
      "__id__": 3
    },
    "_enabled": true,
    "__prefab": {
      "__id__": 53
    },
    "_opacity": 255,
    "_id": ""
  },
  {
    "__type__": "cc.CompPrefabInfo",
    "fileId": "1bVRefoGVFf6QbdKVzuy76"
  },
  {
    "__type__": "cc.UITransform",
    "_name": "",
    "_objFlags": 0,
    "node": {
      "__id__": 3
    },
    "_enabled": true,
    "__prefab": {
      "__id__": 55
    },
    "_contentSize": {
      "__type__": "cc.Size",
      "width": 0,
      "height": 0
    },
    "_anchorPoint": {
      "__type__": "cc.Vec2",
      "x": 0,
      "y": 0
    },
    "_id": ""
  },
  {
    "__type__": "cc.CompPrefabInfo",
    "fileId": "c3dfSrAYdMdL7iRog3l/4i"
  },
  {
    "__type__": "cc.PrefabInfo",
    "root": {
      "__id__": 1
    },
    "asset": {
      "__id__": 0
    },
    "fileId": "367OMwa6BBIpIV5FIeee0n"
  },
  {
    "__type__": "cc.Node",
    "_name": "CircleColor01_00_3",
    "_objFlags": 0,
    "_parent": {
      "__id__": 2
    },
    "_children": [],
    "_active": false,
    "_components": [
      {
        "__id__": 58
      },
      {
        "__id__": 60
      },
      {
        "__id__": 62
      }
    ],
    "_prefab": {
      "__id__": 64
    },
    "_lpos": {
      "__type__": "cc.Vec3",
      "x": 0,
      "y": 0,
      "z": 0
    },
    "_lrot": {
      "__type__": "cc.Quat",
      "x": 0,
      "y": 0,
      "z": 0,
      "w": 1
    },
    "_lscale": {
      "__type__": "cc.Vec3",
      "x": 1.754,
      "y": 1.754,
      "z": 1
    },
    "_layer": 33554432,
    "_euler": {
      "__type__": "cc.Vec3",
      "x": 0,
      "y": 0,
      "z": 0
    },
    "_id": ""
  },
  {
    "__type__": "cc.Sprite",
    "_name": "",
    "_objFlags": 0,
    "node": {
      "__id__": 57
    },
    "_enabled": true,
    "__prefab": {
      "__id__": 59
    },
    "_customMaterial": null,
    "_srcBlendFactor": 2,
    "_dstBlendFactor": 4,
    "_color": {
      "__type__": "cc.Color",
      "r": 255,
      "g": 255,
      "b": 255,
      "a": 255
    },
    "_spriteFrame": {
      "__uuid__": "adcc85b0-8830-4e4d-9ac7-69b55e7983f0@f9941",
      "__expectedType__": "cc.SpriteFrame"
    },
    "_type": 0,
    "_fillType": 0,
    "_sizeMode": 2,
    "_fillCenter": {
      "__type__": "cc.Vec2",
      "x": 0,
      "y": 0
    },
    "_fillStart": 0,
    "_fillRange": 0,
    "_isTrimmedMode": false,
    "_useGrayscale": false,
    "_atlas": null,
    "_id": ""
  },
  {
    "__type__": "cc.CompPrefabInfo",
    "fileId": "8aDqS3QoZHyJ3kv2w5nZQb"
  },
  {
    "__type__": "cc.UIOpacity",
    "_name": "",
    "_objFlags": 0,
    "node": {
      "__id__": 57
    },
    "_enabled": true,
    "__prefab": {
      "__id__": 61
    },
    "_opacity": 153,
    "_id": ""
  },
  {
    "__type__": "cc.CompPrefabInfo",
    "fileId": "8dx1WAzadPPo/m3vXyXxMS"
  },
  {
    "__type__": "cc.UITransform",
    "_name": "",
    "_objFlags": 0,
    "node": {
      "__id__": 57
    },
    "_enabled": true,
    "__prefab": {
      "__id__": 63
    },
    "_contentSize": {
      "__type__": "cc.Size",
      "width": 80,
      "height": 80
    },
    "_anchorPoint": {
      "__type__": "cc.Vec2",
      "x": 0.5,
      "y": 0.5
    },
    "_id": ""
  },
  {
    "__type__": "cc.CompPrefabInfo",
    "fileId": "38WWrsEFVGGb5BA8IfcEqw"
  },
  {
    "__type__": "cc.PrefabInfo",
    "root": {
      "__id__": 1
    },
    "asset": {
      "__id__": 0
    },
    "fileId": "976dt7bBRF55CH87yHCSx7"
  },
  {
    "__type__": "cc.Node",
    "_name": "Node_Star",
    "_objFlags": 0,
    "_parent": {
      "__id__": 2
    },
    "_children": [
      {
        "__id__": 66
      },
      {
        "__id__": 74
      },
      {
        "__id__": 82
      },
      {
        "__id__": 90
      },
      {
        "__id__": 98
      },
      {
        "__id__": 106
      }
    ],
    "_active": false,
    "_components": [
      {
        "__id__": 114
      },
      {
        "__id__": 116
      }
    ],
    "_prefab": {
      "__id__": 118
    },
    "_lpos": {
      "__type__": "cc.Vec3",
      "x": 0,
      "y": 0,
      "z": 0
    },
    "_lrot": {
      "__type__": "cc.Quat",
      "x": 0,
      "y": 0,
      "z": 0,
      "w": 1
    },
    "_lscale": {
      "__type__": "cc.Vec3",
      "x": 1,
      "y": 1,
      "z": 1
    },
    "_layer": 33554432,
    "_euler": {
      "__type__": "cc.Vec3",
      "x": 0,
      "y": 0,
      "z": 0
    },
    "_id": ""
  },
  {
    "__type__": "cc.Node",
    "_name": "ClearStar_01",
    "_objFlags": 0,
    "_parent": {
      "__id__": 65
    },
    "_children": [],
    "_active": true,
    "_components": [
      {
        "__id__": 67
      },
      {
        "__id__": 69
      },
      {
        "__id__": 71
      }
    ],
    "_prefab": {
      "__id__": 73
    },
    "_lpos": {
      "__type__": "cc.Vec3",
      "x": -23.6428,
      "y": 19.0222,
      "z": 0
    },
    "_lrot": {
      "__type__": "cc.Quat",
      "x": 0,
      "y": 0,
      "z": 0.2345398488583194,
      "w": 0.9721065061491547
    },
    "_lscale": {
      "__type__": "cc.Vec3",
      "x": 1.1584,
      "y": 1.1584,
      "z": 1
    },
    "_layer": 33554432,
    "_euler": {
      "__type__": "cc.Vec3",
      "x": 0,
      "y": 0,
      "z": 27.129
    },
    "_id": ""
  },
  {
    "__type__": "cc.Sprite",
    "_name": "",
    "_objFlags": 0,
    "node": {
      "__id__": 66
    },
    "_enabled": true,
    "__prefab": {
      "__id__": 68
    },
    "_customMaterial": null,
    "_srcBlendFactor": 2,
    "_dstBlendFactor": 4,
    "_color": {
      "__type__": "cc.Color",
      "r": 255,
      "g": 255,
      "b": 255,
      "a": 255
    },
    "_spriteFrame": {
      "__uuid__": "ac9c15f4-2523-4462-96dd-44871296cbda@f9941",
      "__expectedType__": "cc.SpriteFrame"
    },
    "_type": 0,
    "_fillType": 0,
    "_sizeMode": 2,
    "_fillCenter": {
      "__type__": "cc.Vec2",
      "x": 0,
      "y": 0
    },
    "_fillStart": 0,
    "_fillRange": 0,
    "_isTrimmedMode": false,
    "_useGrayscale": false,
    "_atlas": null,
    "_id": ""
  },
  {
    "__type__": "cc.CompPrefabInfo",
    "fileId": "19NwFK+NxCH5xwjFYjBvGP"
  },
  {
    "__type__": "cc.UIOpacity",
    "_name": "",
    "_objFlags": 0,
    "node": {
      "__id__": 66
    },
    "_enabled": true,
    "__prefab": {
      "__id__": 70
    },
    "_opacity": 255,
    "_id": ""
  },
  {
    "__type__": "cc.CompPrefabInfo",
    "fileId": "36NVlofSZAmZ0YjEgw4q8Q"
  },
  {
    "__type__": "cc.UITransform",
    "_name": "",
    "_objFlags": 0,
    "node": {
      "__id__": 66
    },
    "_enabled": true,
    "__prefab": {
      "__id__": 72
    },
    "_contentSize": {
      "__type__": "cc.Size",
      "width": 30,
      "height": 30
    },
    "_anchorPoint": {
      "__type__": "cc.Vec2",
      "x": 0.5,
      "y": 0.5
    },
    "_id": ""
  },
  {
    "__type__": "cc.CompPrefabInfo",
    "fileId": "16yziFLnxFIIb1YaxE0zyc"
  },
  {
    "__type__": "cc.PrefabInfo",
    "root": {
      "__id__": 1
    },
    "asset": {
      "__id__": 0
    },
    "fileId": "39Kz44KvpOJ4N9Lsrn1bNj"
  },
  {
    "__type__": "cc.Node",
    "_name": "ClearStar_02",
    "_objFlags": 0,
    "_parent": {
      "__id__": 65
    },
    "_children": [],
    "_active": true,
    "_components": [
      {
        "__id__": 75
      },
      {
        "__id__": 77
      },
      {
        "__id__": 79
      }
    ],
    "_prefab": {
      "__id__": 81
    },
    "_lpos": {
      "__type__": "cc.Vec3",
      "x": 19.7161,
      "y": -15.2778,
      "z": 0
    },
    "_lrot": {
      "__type__": "cc.Quat",
      "x": 0,
      "y": 0,
      "z": -0.11558035225712569,
      "w": 0.9932981335792989
    },
    "_lscale": {
      "__type__": "cc.Vec3",
      "x": 0.8716,
      "y": 0.8716,
      "z": 1
    },
    "_layer": 33554432,
    "_euler": {
      "__type__": "cc.Vec3",
      "x": 0,
      "y": 0,
      "z": -13.2742
    },
    "_id": ""
  },
  {
    "__type__": "cc.Sprite",
    "_name": "",
    "_objFlags": 0,
    "node": {
      "__id__": 74
    },
    "_enabled": true,
    "__prefab": {
      "__id__": 76
    },
    "_customMaterial": null,
    "_srcBlendFactor": 2,
    "_dstBlendFactor": 4,
    "_color": {
      "__type__": "cc.Color",
      "r": 255,
      "g": 255,
      "b": 255,
      "a": 255
    },
    "_spriteFrame": {
      "__uuid__": "ac9c15f4-2523-4462-96dd-44871296cbda@f9941",
      "__expectedType__": "cc.SpriteFrame"
    },
    "_type": 0,
    "_fillType": 0,
    "_sizeMode": 2,
    "_fillCenter": {
      "__type__": "cc.Vec2",
      "x": 0,
      "y": 0
    },
    "_fillStart": 0,
    "_fillRange": 0,
    "_isTrimmedMode": false,
    "_useGrayscale": false,
    "_atlas": null,
    "_id": ""
  },
  {
    "__type__": "cc.CompPrefabInfo",
    "fileId": "d0SNE2KPhKcZFwKA+a60Zb"
  },
  {
    "__type__": "cc.UIOpacity",
    "_name": "",
    "_objFlags": 0,
    "node": {
      "__id__": 74
    },
    "_enabled": true,
    "__prefab": {
      "__id__": 78
    },
    "_opacity": 255,
    "_id": ""
  },
  {
    "__type__": "cc.CompPrefabInfo",
    "fileId": "f3daPMc1xHP7K+AmsmC3gk"
  },
  {
    "__type__": "cc.UITransform",
    "_name": "",
    "_objFlags": 0,
    "node": {
      "__id__": 74
    },
    "_enabled": true,
    "__prefab": {
      "__id__": 80
    },
    "_contentSize": {
      "__type__": "cc.Size",
      "width": 30,
      "height": 30
    },
    "_anchorPoint": {
      "__type__": "cc.Vec2",
      "x": 0.5,
      "y": 0.5
    },
    "_id": ""
  },
  {
    "__type__": "cc.CompPrefabInfo",
    "fileId": "c85aray/1BsLiLXGOmg0L6"
  },
  {
    "__type__": "cc.PrefabInfo",
    "root": {
      "__id__": 1
    },
    "asset": {
      "__id__": 0
    },
    "fileId": "0bldLjB1RK/LPDZm6dcygI"
  },
  {
    "__type__": "cc.Node",
    "_name": "ClearStar_03",
    "_objFlags": 0,
    "_parent": {
      "__id__": 65
    },
    "_children": [],
    "_active": true,
    "_components": [
      {
        "__id__": 83
      },
      {
        "__id__": 85
      },
      {
        "__id__": 87
      }
    ],
    "_prefab": {
      "__id__": 89
    },
    "_lpos": {
      "__type__": "cc.Vec3",
      "x": 20.85,
      "y": 16.2333,
      "z": 0
    },
    "_lrot": {
      "__type__": "cc.Quat",
      "x": 0,
      "y": 0,
      "z": -0.7765964799677596,
      "w": 0.6299983391261322
    },
    "_lscale": {
      "__type__": "cc.Vec3",
      "x": 0.59,
      "y": 0.59,
      "z": 1
    },
    "_layer": 33554432,
    "_euler": {
      "__type__": "cc.Vec3",
      "x": 0,
      "y": 0,
      "z": -101.9
    },
    "_id": ""
  },
  {
    "__type__": "cc.Sprite",
    "_name": "",
    "_objFlags": 0,
    "node": {
      "__id__": 82
    },
    "_enabled": true,
    "__prefab": {
      "__id__": 84
    },
    "_customMaterial": null,
    "_srcBlendFactor": 2,
    "_dstBlendFactor": 4,
    "_color": {
      "__type__": "cc.Color",
      "r": 255,
      "g": 255,
      "b": 255,
      "a": 255
    },
    "_spriteFrame": {
      "__uuid__": "ac9c15f4-2523-4462-96dd-44871296cbda@f9941",
      "__expectedType__": "cc.SpriteFrame"
    },
    "_type": 0,
    "_fillType": 0,
    "_sizeMode": 2,
    "_fillCenter": {
      "__type__": "cc.Vec2",
      "x": 0,
      "y": 0
    },
    "_fillStart": 0,
    "_fillRange": 0,
    "_isTrimmedMode": false,
    "_useGrayscale": false,
    "_atlas": null,
    "_id": ""
  },
  {
    "__type__": "cc.CompPrefabInfo",
    "fileId": "51v+2DHQRJfYcKgRf3Le6Y"
  },
  {
    "__type__": "cc.UIOpacity",
    "_name": "",
    "_objFlags": 0,
    "node": {
      "__id__": 82
    },
    "_enabled": true,
    "__prefab": {
      "__id__": 86
    },
    "_opacity": 255,
    "_id": ""
  },
  {
    "__type__": "cc.CompPrefabInfo",
    "fileId": "c0A5KYzfNILqdb3jcEJ+Vv"
  },
  {
    "__type__": "cc.UITransform",
    "_name": "",
    "_objFlags": 0,
    "node": {
      "__id__": 82
    },
    "_enabled": true,
    "__prefab": {
      "__id__": 88
    },
    "_contentSize": {
      "__type__": "cc.Size",
      "width": 30,
      "height": 30
    },
    "_anchorPoint": {
      "__type__": "cc.Vec2",
      "x": 0.5,
      "y": 0.5
    },
    "_id": ""
  },
  {
    "__type__": "cc.CompPrefabInfo",
    "fileId": "62TlmB9SBA8rzBX+NnovEo"
  },
  {
    "__type__": "cc.PrefabInfo",
    "root": {
      "__id__": 1
    },
    "asset": {
      "__id__": 0
    },
    "fileId": "4fxHGoNtBK06LNky0PmlLP"
  },
  {
    "__type__": "cc.Node",
    "_name": "ClearStar_04",
    "_objFlags": 0,
    "_parent": {
      "__id__": 65
    },
    "_children": [],
    "_active": true,
    "_components": [
      {
        "__id__": 91
      },
      {
        "__id__": 93
      },
      {
        "__id__": 95
      }
    ],
    "_prefab": {
      "__id__": 97
    },
    "_lpos": {
      "__type__": "cc.Vec3",
      "x": 19.431,
      "y": 43.5667,
      "z": 0
    },
    "_lrot": {
      "__type__": "cc.Quat",
      "x": 0,
      "y": 0,
      "z": -0.8515348260732756,
      "w": 0.5242980449938339
    },
    "_lscale": {
      "__type__": "cc.Vec3",
      "x": 0.7155,
      "y": 0.7155,
      "z": 1
    },
    "_layer": 33554432,
    "_euler": {
      "__type__": "cc.Vec3",
      "x": 0,
      "y": 0,
      "z": -116.758
    },
    "_id": ""
  },
  {
    "__type__": "cc.Sprite",
    "_name": "",
    "_objFlags": 0,
    "node": {
      "__id__": 90
    },
    "_enabled": true,
    "__prefab": {
      "__id__": 92
    },
    "_customMaterial": null,
    "_srcBlendFactor": 2,
    "_dstBlendFactor": 4,
    "_color": {
      "__type__": "cc.Color",
      "r": 255,
      "g": 255,
      "b": 255,
      "a": 255
    },
    "_spriteFrame": {
      "__uuid__": "ac9c15f4-2523-4462-96dd-44871296cbda@f9941",
      "__expectedType__": "cc.SpriteFrame"
    },
    "_type": 0,
    "_fillType": 0,
    "_sizeMode": 2,
    "_fillCenter": {
      "__type__": "cc.Vec2",
      "x": 0,
      "y": 0
    },
    "_fillStart": 0,
    "_fillRange": 0,
    "_isTrimmedMode": false,
    "_useGrayscale": false,
    "_atlas": null,
    "_id": ""
  },
  {
    "__type__": "cc.CompPrefabInfo",
    "fileId": "08MxosiZ5KyoJCbYNnxpyG"
  },
  {
    "__type__": "cc.UIOpacity",
    "_name": "",
    "_objFlags": 0,
    "node": {
      "__id__": 90
    },
    "_enabled": true,
    "__prefab": {
      "__id__": 94
    },
    "_opacity": 255,
    "_id": ""
  },
  {
    "__type__": "cc.CompPrefabInfo",
    "fileId": "74VuADsj9BtZxINscwWcph"
  },
  {
    "__type__": "cc.UITransform",
    "_name": "",
    "_objFlags": 0,
    "node": {
      "__id__": 90
    },
    "_enabled": true,
    "__prefab": {
      "__id__": 96
    },
    "_contentSize": {
      "__type__": "cc.Size",
      "width": 30,
      "height": 30
    },
    "_anchorPoint": {
      "__type__": "cc.Vec2",
      "x": 0.5,
      "y": 0.5
    },
    "_id": ""
  },
  {
    "__type__": "cc.CompPrefabInfo",
    "fileId": "46YXd0MfZEzpIHwM6snjxo"
  },
  {
    "__type__": "cc.PrefabInfo",
    "root": {
      "__id__": 1
    },
    "asset": {
      "__id__": 0
    },
    "fileId": "c1zU1yvPVLu44J8yBXtxWk"
  },
  {
    "__type__": "cc.Node",
    "_name": "ClearStar_05",
    "_objFlags": 0,
    "_parent": {
      "__id__": 65
    },
    "_children": [],
    "_active": true,
    "_components": [
      {
        "__id__": 99
      },
      {
        "__id__": 101
      },
      {
        "__id__": 103
      }
    ],
    "_prefab": {
      "__id__": 105
    },
    "_lpos": {
      "__type__": "cc.Vec3",
      "x": -19.4285,
      "y": -4.9222,
      "z": 0
    },
    "_lrot": {
      "__type__": "cc.Quat",
      "x": 0,
      "y": 0,
      "z": -0.4468669860337663,
      "w": 0.8946004118002058
    },
    "_lscale": {
      "__type__": "cc.Vec3",
      "x": 0.8143,
      "y": 0.8143,
      "z": 1
    },
    "_layer": 33554432,
    "_euler": {
      "__type__": "cc.Vec3",
      "x": 0,
      "y": 0,
      "z": -53.0857
    },
    "_id": ""
  },
  {
    "__type__": "cc.Sprite",
    "_name": "",
    "_objFlags": 0,
    "node": {
      "__id__": 98
    },
    "_enabled": true,
    "__prefab": {
      "__id__": 100
    },
    "_customMaterial": null,
    "_srcBlendFactor": 2,
    "_dstBlendFactor": 4,
    "_color": {
      "__type__": "cc.Color",
      "r": 255,
      "g": 255,
      "b": 255,
      "a": 255
    },
    "_spriteFrame": {
      "__uuid__": "ac9c15f4-2523-4462-96dd-44871296cbda@f9941",
      "__expectedType__": "cc.SpriteFrame"
    },
    "_type": 0,
    "_fillType": 0,
    "_sizeMode": 2,
    "_fillCenter": {
      "__type__": "cc.Vec2",
      "x": 0,
      "y": 0
    },
    "_fillStart": 0,
    "_fillRange": 0,
    "_isTrimmedMode": false,
    "_useGrayscale": false,
    "_atlas": null,
    "_id": ""
  },
  {
    "__type__": "cc.CompPrefabInfo",
    "fileId": "71WG5J1PZFg6vNIyhI7t/b"
  },
  {
    "__type__": "cc.UIOpacity",
    "_name": "",
    "_objFlags": 0,
    "node": {
      "__id__": 98
    },
    "_enabled": true,
    "__prefab": {
      "__id__": 102
    },
    "_opacity": 255,
    "_id": ""
  },
  {
    "__type__": "cc.CompPrefabInfo",
    "fileId": "eaCAO4RClLHLIUuMYbWTtD"
  },
  {
    "__type__": "cc.UITransform",
    "_name": "",
    "_objFlags": 0,
    "node": {
      "__id__": 98
    },
    "_enabled": true,
    "__prefab": {
      "__id__": 104
    },
    "_contentSize": {
      "__type__": "cc.Size",
      "width": 30,
      "height": 30
    },
    "_anchorPoint": {
      "__type__": "cc.Vec2",
      "x": 0.5,
      "y": 0.5
    },
    "_id": ""
  },
  {
    "__type__": "cc.CompPrefabInfo",
    "fileId": "3a2E8w0RVKgr3k+vAdaxPq"
  },
  {
    "__type__": "cc.PrefabInfo",
    "root": {
      "__id__": 1
    },
    "asset": {
      "__id__": 0
    },
    "fileId": "58Vf1qIGZFcpAXOZUsxP63"
  },
  {
    "__type__": "cc.Node",
    "_name": "ClearStar_06",
    "_objFlags": 0,
    "_parent": {
      "__id__": 65
    },
    "_children": [],
    "_active": true,
    "_components": [
      {
        "__id__": 107
      },
      {
        "__id__": 109
      },
      {
        "__id__": 111
      }
    ],
    "_prefab": {
      "__id__": 113
    },
    "_lpos": {
      "__type__": "cc.Vec3",
      "x": -13.4333,
      "y": 6.6571,
      "z": 0
    },
    "_lrot": {
      "__type__": "cc.Quat",
      "x": 0,
      "y": 0,
      "z": -0.6887064474096759,
      "w": 0.7250402949466626
    },
    "_lscale": {
      "__type__": "cc.Vec3",
      "x": 0.6561,
      "y": 0.6561,
      "z": 1
    },
    "_layer": 33554432,
    "_euler": {
      "__type__": "cc.Vec3",
      "x": 0,
      "y": 0,
      "z": -87.0556
    },
    "_id": ""
  },
  {
    "__type__": "cc.Sprite",
    "_name": "",
    "_objFlags": 0,
    "node": {
      "__id__": 106
    },
    "_enabled": true,
    "__prefab": {
      "__id__": 108
    },
    "_customMaterial": null,
    "_srcBlendFactor": 2,
    "_dstBlendFactor": 4,
    "_color": {
      "__type__": "cc.Color",
      "r": 255,
      "g": 255,
      "b": 255,
      "a": 255
    },
    "_spriteFrame": {
      "__uuid__": "ac9c15f4-2523-4462-96dd-44871296cbda@f9941",
      "__expectedType__": "cc.SpriteFrame"
    },
    "_type": 0,
    "_fillType": 0,
    "_sizeMode": 2,
    "_fillCenter": {
      "__type__": "cc.Vec2",
      "x": 0,
      "y": 0
    },
    "_fillStart": 0,
    "_fillRange": 0,
    "_isTrimmedMode": false,
    "_useGrayscale": false,
    "_atlas": null,
    "_id": ""
  },
  {
    "__type__": "cc.CompPrefabInfo",
    "fileId": "3buauqGbtNOKbOx/uK3Ax9"
  },
  {
    "__type__": "cc.UIOpacity",
    "_name": "",
    "_objFlags": 0,
    "node": {
      "__id__": 106
    },
    "_enabled": true,
    "__prefab": {
      "__id__": 110
    },
    "_opacity": 255,
    "_id": ""
  },
  {
    "__type__": "cc.CompPrefabInfo",
    "fileId": "ceQm9ol1hGy6QxlHbrsSnW"
  },
  {
    "__type__": "cc.UITransform",
    "_name": "",
    "_objFlags": 0,
    "node": {
      "__id__": 106
    },
    "_enabled": true,
    "__prefab": {
      "__id__": 112
    },
    "_contentSize": {
      "__type__": "cc.Size",
      "width": 30,
      "height": 30
    },
    "_anchorPoint": {
      "__type__": "cc.Vec2",
      "x": 0.5,
      "y": 0.5
    },
    "_id": ""
  },
  {
    "__type__": "cc.CompPrefabInfo",
    "fileId": "8dFcMlH6RJlLQTCwAa9tXR"
  },
  {
    "__type__": "cc.PrefabInfo",
    "root": {
      "__id__": 1
    },
    "asset": {
      "__id__": 0
    },
    "fileId": "0fvdDQMglEU6uqnYdiLMX8"
  },
  {
    "__type__": "cc.UIOpacity",
    "_name": "",
    "_objFlags": 0,
    "node": {
      "__id__": 65
    },
    "_enabled": true,
    "__prefab": {
      "__id__": 115
    },
    "_opacity": 255,
    "_id": ""
  },
  {
    "__type__": "cc.CompPrefabInfo",
    "fileId": "0b9zHjNvhHJ7+UF0pZ3naa"
  },
  {
    "__type__": "cc.UITransform",
    "_name": "",
    "_objFlags": 0,
    "node": {
      "__id__": 65
    },
    "_enabled": true,
    "__prefab": {
      "__id__": 117
    },
    "_contentSize": {
      "__type__": "cc.Size",
      "width": 0,
      "height": 0
    },
    "_anchorPoint": {
      "__type__": "cc.Vec2",
      "x": 0,
      "y": 0
    },
    "_id": ""
  },
  {
    "__type__": "cc.CompPrefabInfo",
    "fileId": "5481VNpC1D1ILsnmjNetPG"
  },
  {
    "__type__": "cc.PrefabInfo",
    "root": {
      "__id__": 1
    },
    "asset": {
      "__id__": 0
    },
    "fileId": "4b/pyLzuVE1pcVL51mM8TP"
  },
  {
    "__type__": "cc.Node",
    "_name": "FireWork01",
    "_objFlags": 0,
    "_parent": {
      "__id__": 2
    },
    "_children": [],
    "_active": false,
    "_components": [
      {
        "__id__": 120
      },
      {
        "__id__": 122
      },
      {
        "__id__": 124
      }
    ],
    "_prefab": {
      "__id__": 126
    },
    "_lpos": {
      "__type__": "cc.Vec3",
      "x": 0,
      "y": 0,
      "z": 0
    },
    "_lrot": {
      "__type__": "cc.Quat",
      "x": 0,
      "y": 0,
      "z": 0,
      "w": 1
    },
    "_lscale": {
      "__type__": "cc.Vec3",
      "x": 2,
      "y": 2,
      "z": 1
    },
    "_layer": 33554432,
    "_euler": {
      "__type__": "cc.Vec3",
      "x": 0,
      "y": 0,
      "z": 0
    },
    "_id": ""
  },
  {
    "__type__": "cc.Sprite",
    "_name": "",
    "_objFlags": 0,
    "node": {
      "__id__": 119
    },
    "_enabled": true,
    "__prefab": {
      "__id__": 121
    },
    "_customMaterial": null,
    "_srcBlendFactor": 2,
    "_dstBlendFactor": 4,
    "_color": {
      "__type__": "cc.Color",
      "r": 255,
      "g": 255,
      "b": 255,
      "a": 255
    },
    "_spriteFrame": {
      "__uuid__": "44070db6-8199-4cac-8e8b-97d8c703b1d4@f9941",
      "__expectedType__": "cc.SpriteFrame"
    },
    "_type": 0,
    "_fillType": 0,
    "_sizeMode": 2,
    "_fillCenter": {
      "__type__": "cc.Vec2",
      "x": 0,
      "y": 0
    },
    "_fillStart": 0,
    "_fillRange": 0,
    "_isTrimmedMode": false,
    "_useGrayscale": false,
    "_atlas": null,
    "_id": ""
  },
  {
    "__type__": "cc.CompPrefabInfo",
    "fileId": "23deCYYR1Neai0Co2yPeEA"
  },
  {
    "__type__": "cc.UIOpacity",
    "_name": "",
    "_objFlags": 0,
    "node": {
      "__id__": 119
    },
    "_enabled": true,
    "__prefab": {
      "__id__": 123
    },
    "_opacity": 255,
    "_id": ""
  },
  {
    "__type__": "cc.CompPrefabInfo",
    "fileId": "94SxbswhdFHq1GgOoVPg2T"
  },
  {
    "__type__": "cc.UITransform",
    "_name": "",
    "_objFlags": 0,
    "node": {
      "__id__": 119
    },
    "_enabled": true,
    "__prefab": {
      "__id__": 125
    },
    "_contentSize": {
      "__type__": "cc.Size",
      "width": 80,
      "height": 80
    },
    "_anchorPoint": {
      "__type__": "cc.Vec2",
      "x": 0.5,
      "y": 0.5
    },
    "_id": ""
  },
  {
    "__type__": "cc.CompPrefabInfo",
    "fileId": "b4m+Pcd/9OO4A3qxdy9mu3"
  },
  {
    "__type__": "cc.PrefabInfo",
    "root": {
      "__id__": 1
    },
    "asset": {
      "__id__": 0
    },
    "fileId": "4crOUO52VHZIQtDMZi2boV"
  },
  {
    "__type__": "cc.UIOpacity",
    "_name": "",
    "_objFlags": 0,
    "node": {
      "__id__": 2
    },
    "_enabled": true,
    "__prefab": {
      "__id__": 128
    },
    "_opacity": 255,
    "_id": ""
  },
  {
    "__type__": "cc.CompPrefabInfo",
    "fileId": "4eeCa04gpLkpBb2NE1rHw5"
  },
  {
    "__type__": "cc.UITransform",
    "_name": "",
    "_objFlags": 0,
    "node": {
      "__id__": 2
    },
    "_enabled": true,
    "__prefab": {
      "__id__": 130
    },
    "_contentSize": {
      "__type__": "cc.Size",
      "width": 0,
      "height": 0
    },
    "_anchorPoint": {
      "__type__": "cc.Vec2",
      "x": 0,
      "y": 0
    },
    "_id": ""
  },
  {
    "__type__": "cc.CompPrefabInfo",
    "fileId": "cfHPsDl7FBn5IiiwF7shC3"
  },
  {
    "__type__": "cc.PrefabInfo",
    "root": {
      "__id__": 1
    },
    "asset": {
      "__id__": 0
    },
    "fileId": "8cNDazRoJJUqW/iAjKvCQK"
  },
  {
    "__type__": "cc.Animation",
    "_name": "",
    "_objFlags": 0,
    "node": {
      "__id__": 1
    },
    "_enabled": true,
    "__prefab": {
      "__id__": 133
    },
    "playOnLoad": false,
    "_clips": [
      {
        "__uuid__": "03871516-eaa5-4437-9a82-e288451c323f",
        "__expectedType__": "cc.AnimationClip"
      },
      {
        "__uuid__": "708514fa-bf88-44ec-ad90-6ac01c7a452b",
        "__expectedType__": "cc.AnimationClip"
      },
      {
        "__uuid__": "14fa65db-70b9-4199-84c5-7b5f93f51590",
        "__expectedType__": "cc.AnimationClip"
      },
      {
        "__uuid__": "68132a7d-4d3e-4eba-a96e-b26e8c111fcd",
        "__expectedType__": "cc.AnimationClip"
      },
      {
        "__uuid__": "7d514c63-ad73-47c1-a922-135a56574d68",
        "__expectedType__": "cc.AnimationClip"
      },
      {
        "__uuid__": "1fdbbf80-9e51-48ca-a567-22b684b896a1",
        "__expectedType__": "cc.AnimationClip"
      }
    ],
    "_defaultClip": {
      "__uuid__": "03871516-eaa5-4437-9a82-e288451c323f",
      "__expectedType__": "cc.AnimationClip"
    },
    "_id": ""
  },
  {
    "__type__": "cc.CompPrefabInfo",
    "fileId": "f1GqxalYpBKIGw+PvGIlf/"
  },
  {
    "__type__": "cc.UIOpacity",
    "_name": "",
    "_objFlags": 0,
    "node": {
      "__id__": 1
    },
    "_enabled": true,
    "__prefab": {
      "__id__": 135
    },
    "_opacity": 255,
    "_id": ""
  },
  {
    "__type__": "cc.CompPrefabInfo",
    "fileId": "e88YQDwfxCc6gM44/HAMjA"
  },
  {
    "__type__": "cc.UITransform",
    "_name": "",
    "_objFlags": 0,
    "node": {
      "__id__": 1
    },
    "_enabled": true,
    "__prefab": {
      "__id__": 137
    },
    "_contentSize": {
      "__type__": "cc.Size",
      "width": 0,
      "height": 0
    },
    "_anchorPoint": {
      "__type__": "cc.Vec2",
      "x": 0.5,
      "y": 0.5
    },
    "_id": ""
  },
  {
    "__type__": "cc.CompPrefabInfo",
    "fileId": "91y65Rg2pLLLRf56JhmlP2"
  },
  {
    "__type__": "cc.PrefabInfo",
    "root": {
      "__id__": 1
    },
    "asset": {
      "__id__": 0
    },
    "fileId": "abE1GcidNDFLH7pUnV9H2t"
  }
]