{
  "__type__": "cc.SpriteFrame",
  "content": {
    "name": "SymbolGlow_04",
    "atlas": "",
    "rect": {
      "x": 8,
      "y": 8,
      "width": 24,
      "height": 25
    },
    "offset": {
      "x": 0,
      "y": -0.5
    },
    "originalSize": {
      "width": 40,
      "height": 40
    },
    "rotated": false,
    "capInsets": [
      0,
      0,
      0,
      0
    ],
    "vertices": {
      "rawPosition": [
        -12,
        -12.5,
        0,
        12,
        -12.5,
        0,
        -12,
        12.5,
        0,
        12,
        12.5,
        0
      ],
      "indexes": [
        0,
        1,
        2,
        2,
        1,
        3
      ],
      "uv": [
        8,
        32,
        32,
        32,
        8,
        7,
        32,
        7
      ],
      "nuv": [
        0.2,
        0.175,
        0.8,
        0.175,
        0.2,
        0.8,
        0.8,
        0.8
      ],
      "minPos": {
        "x": -12,
        "y": -12.5,
        "z": 0
      },
      "maxPos": {
        "x": 12,
        "y": 12.5,
        "z": 0
      }
    },
    "texture": "f16f8877-c9fa-49c4-9204-1051c5de63ba@6c48a",
    "packable": true,
    "pixelsToUnit": 100,
    "pivot": {
      "x": 0.5,
      "y": 0.5
    },
    "meshType": 0
  }
}