{
  "c77ecaa8-c936-46c4-a5b0-98692673ed87": {
    "assetUuid": "c77ecaa8-c936-46c4-a5b0-98692673ed87",
    "animationUuid": "",
    "expandLevels": [
      "0"
    ]
  },
  "f49a1535-c16c-426c-90ba-13262afe91ca": {
    "assetUuid": "f49a1535-c16c-426c-90ba-13262afe91ca",
    "animationUuid": "",
    "expandLevels": [
      "0",
      "0_0"
    ]
  },
  "54adb552-4379-425e-8a49-286935b8c171": {
    "assetUuid": "54adb552-4379-425e-8a49-286935b8c171",
    "animationUuid": "",
    "expandLevels": [
      "0",
      "0_0",
      "0_0_2",
      "0_0_2_4"
    ]
  },
  "0a1d042d-16ba-4956-aede-617cee4dae21": {
    "assetUuid": "0a1d042d-16ba-4956-aede-617cee4dae21",
    "animationUuid": "",
    "expandLevels": [
      "0",
      "0_0",
      "0_0_1",
      "0_0_1_1",
      "0_0_1_1_0",
      "0_0_1_1_1"
    ]
  },
  "921fbb20-0b0d-41d0-9b30-f35ab47af102": {
    "assetUuid": "921fbb20-0b0d-41d0-9b30-f35ab47af102",
    "animationUuid": "",
    "expandLevels": [
      "0",
      "0_0"
    ]
  },
  "66781b7b-5de3-45bd-9ff2-bf12cc6f89a2": {
    "assetUuid": "66781b7b-5de3-45bd-9ff2-bf12cc6f89a2",
    "animationUuid": "",
    "expandLevels": [
      "0",
      "0_0",
      "0_0_1",
      "0_0_1_0",
      "0_0_1_0_0",
      "0_0_2",
      "0_0_3"
    ]
  },
  "c4617af0-5df1-41d4-a307-558a6d87c3c9": {
    "assetUuid": "c4617af0-5df1-41d4-a307-558a6d87c3c9",
    "animationUuid": "",
    "expandLevels": [
      "0",
      "0_0",
      "0_0_1",
      "0_0_1_0",
      "0_0_1_0_0",
      "0_0_3",
      "0_0_4"
    ]
  },
  "0ad3a676-d43c-42b1-8145-1c2f89f3946d": {
    "assetUuid": "0ad3a676-d43c-42b1-8145-1c2f89f3946d",
    "animationUuid": "",
    "expandLevels": [
      "0",
      "0_0",
      "0_0_1",
      "0_0_1_2",
      "0_0_1_2_0"
    ]
  },
  "d8c8ad89-6b07-43f4-bdfc-94467c6eb4bb": {
    "assetUuid": "d8c8ad89-6b07-43f4-bdfc-94467c6eb4bb",
    "animationUuid": "",
    "expandLevels": [
      "0",
      "0_0"
    ]
  },
  "3694fb2e-6ee9-404d-9c14-d8ee9bb56a3b": {
    "assetUuid": "3694fb2e-6ee9-404d-9c14-d8ee9bb56a3b",
    "animationUuid": "",
    "expandLevels": [
      "0",
      "0_0",
      "0_0_0",
      "0_1",
      "0_1_0",
      "0_2",
      "0_2_0",
      "0_3",
      "0_3_0",
      "0_4",
      "0_4_0",
      "0_5",
      "0_5_0"
    ]
  },
  "5a3746a8-3fe3-467a-b2ac-3a16d5e096d5": {
    "assetUuid": "5a3746a8-3fe3-467a-b2ac-3a16d5e096d5",
    "animationUuid": "",
    "expandLevels": [
      "0"
    ]
  }
}
