{
  "__type__": "cc.SpriteFrame",
  "content": {
    "name": "CandyPaper01_03",
    "atlas": "",
    "rect": {
      "x": 10,
      "y": 8,
      "width": 32,
      "height": 32
    },
    "offset": {
      "x": 1,
      "y": 1
    },
    "originalSize": {
      "width": 50,
      "height": 50
    },
    "rotated": false,
    "capInsets": [
      0,
      0,
      0,
      0
    ],
    "vertices": {
      "rawPosition": [
        -16,
        -16,
        0,
        16,
        -16,
        0,
        -16,
        16,
        0,
        16,
        16,
        0
      ],
      "indexes": [
        0,
        1,
        2,
        2,
        1,
        3
      ],
      "uv": [
        10,
        42,
        42,
        42,
        10,
        10,
        42,
        10
      ],
      "nuv": [
        0.2,
        0.2,
        0.84,
        0.2,
        0.2,
        0.84,
        0.84,
        0.84
      ],
      "minPos": {
        "x": -16,
        "y": -16,
        "z": 0
      },
      "maxPos": {
        "x": 16,
        "y": 16,
        "z": 0
      }
    },
    "texture": "ad54c806-3c77-441a-af30-5d101d1e97ce@6c48a",
    "packable": true,
    "pixelsToUnit": 100,
    "pivot": {
      "x": 0.5,
      "y": 0.5
    },
    "meshType": 0
  }
}