{
  "__type__": "cc.SpriteFrame",
  "content": {
    "name": "CircleColor01_00",
    "atlas": "",
    "rect": {
      "x": 8,
      "y": 8,
      "width": 64,
      "height": 64
    },
    "offset": {
      "x": 0,
      "y": 0
    },
    "originalSize": {
      "width": 80,
      "height": 80
    },
    "rotated": false,
    "capInsets": [
      0,
      0,
      0,
      0
    ],
    "vertices": {
      "rawPosition": [
        -32,
        -32,
        0,
        32,
        -32,
        0,
        -32,
        32,
        0,
        32,
        32,
        0
      ],
      "indexes": [
        0,
        1,
        2,
        2,
        1,
        3
      ],
      "uv": [
        8,
        72,
        72,
        72,
        8,
        8,
        72,
        8
      ],
      "nuv": [
        0.1,
        0.1,
        0.9,
        0.1,
        0.1,
        0.9,
        0.9,
        0.9
      ],
      "minPos": {
        "x": -32,
        "y": -32,
        "z": 0
      },
      "maxPos": {
        "x": 32,
        "y": 32,
        "z": 0
      }
    },
    "texture": "adcc85b0-8830-4e4d-9ac7-69b55e7983f0@6c48a",
    "packable": true,
    "pixelsToUnit": 100,
    "pivot": {
      "x": 0.5,
      "y": 0.5
    },
    "meshType": 0
  }
}