[
  {
    "__type__": "cc.AnimationClip",
    "_name": "GemEffect",
    "_objFlags": 0,
    "__editorExtras__": {
      "embeddedPlayerGroups": []
    },
    "_native": "",
    "sample": 60,
    "speed": 1,
    "wrapMode": "1",
    "enableTrsBlending": false,
    "_duration": 0.8333333333333334,
    "_hash": 500763545,
    "_tracks": [
      {
        "__id__": 1
      },
      {
        "__id__": 6
      },
      {
        "__id__": 12
      },
      {
        "__id__": 17
      }
    ],
    "_exoticAnimation": null,
    "_events": [],
    "_embeddedPlayers": []
  },
  {
    "__type__": "cc.animation.ObjectTrack",
    "_binding": {
      "__type__": "cc.animation.TrackBinding",
      "path": {
        "__id__": 2
      }
    },
    "_channel": {
      "__id__": 4
    }
  },
  {
    "__type__": "cc.animation.TrackPath",
    "_paths": [
      {
        "__id__": 3
      },
      "active"
    ]
  },
  {
    "__type__": "cc.animation.HierarchyPath",
    "path": "Node_00/Symbol00"
  },
  {
    "__type__": "cc.animation.Channel",
    "_curve": {
      "__id__": 5
    }
  },
  {
    "__type__": "cc.ObjectCurve",
    "_times": [
      0,
      0.25
    ],
    "_values": [
      true,
      false
    ]
  },
  {
    "__type__": "cc.animation.RealTrack",
    "_binding": {
      "__type__": "cc.animation.TrackBinding",
      "path": {
        "__id__": 7
      }
    },
    "_channel": {
      "__id__": 10
    }
  },
  {
    "__type__": "cc.animation.TrackPath",
    "_paths": [
      {
        "__id__": 8
      },
      {
        "__id__": 9
      },
      "opacity"
    ]
  },
  {
    "__type__": "cc.animation.HierarchyPath",
    "path": "Node_00/SymbolGlow_00"
  },
  {
    "__type__": "cc.animation.ComponentPath",
    "component": "cc.UIOpacity"
  },
  {
    "__type__": "cc.animation.Channel",
    "_curve": {
      "__id__": 11
    }
  },
  {
    "__type__": "cc.RealCurve",
    "_times": [
      0,
      0.1666666716337204,
      0.25,
      0.3333333432674408
    ],
    "_values": [
      {
        "__type__": "cc.RealKeyframeValue",
        "interpolationMode": 0,
        "tangentWeightMode": 0,
        "value": 0,
        "rightTangent": 0,
        "rightTangentWeight": 0,
        "leftTangent": 0,
        "leftTangentWeight": 0,
        "easingMethod": 0
      },
      {
        "__type__": "cc.RealKeyframeValue",
        "interpolationMode": 0,
        "tangentWeightMode": 0,
        "value": 255,
        "rightTangent": 0,
        "rightTangentWeight": 0,
        "leftTangent": 0,
        "leftTangentWeight": 0,
        "easingMethod": 0
      },
      {
        "__type__": "cc.RealKeyframeValue",
        "interpolationMode": 0,
        "tangentWeightMode": 0,
        "value": 255,
        "rightTangent": 0,
        "rightTangentWeight": 0,
        "leftTangent": 0,
        "leftTangentWeight": 0,
        "easingMethod": 0
      },
      {
        "__type__": "cc.RealKeyframeValue",
        "interpolationMode": 0,
        "tangentWeightMode": 0,
        "value": 0,
        "rightTangent": 0,
        "rightTangentWeight": 0,
        "leftTangent": 0,
        "leftTangentWeight": 0,
        "easingMethod": 0
      }
    ],
    "preExtrapolation": 1,
    "postExtrapolation": 1
  },
  {
    "__type__": "cc.animation.ObjectTrack",
    "_binding": {
      "__type__": "cc.animation.TrackBinding",
      "path": {
        "__id__": 13
      }
    },
    "_channel": {
      "__id__": 15
    }
  },
  {
    "__type__": "cc.animation.TrackPath",
    "_paths": [
      {
        "__id__": 14
      },
      "active"
    ]
  },
  {
    "__type__": "cc.animation.HierarchyPath",
    "path": "Node_00/SymbolGlow_00"
  },
  {
    "__type__": "cc.animation.Channel",
    "_curve": {
      "__id__": 16
    }
  },
  {
    "__type__": "cc.ObjectCurve",
    "_times": [
      0,
      0.3333333333333333
    ],
    "_values": [
      true,
      false
    ]
  },
  {
    "__type__": "cc.animation.ObjectTrack",
    "_binding": {
      "__type__": "cc.animation.TrackBinding",
      "path": {
        "__id__": 18
      }
    },
    "_channel": {
      "__id__": 20
    }
  },
  {
    "__type__": "cc.animation.TrackPath",
    "_paths": [
      {
        "__id__": 19
      },
      "active"
    ]
  },
  {
    "__type__": "cc.animation.HierarchyPath",
    "path": "Node_00"
  },
  {
    "__type__": "cc.animation.Channel",
    "_curve": {
      "__id__": 21
    }
  },
  {
    "__type__": "cc.ObjectCurve",
    "_times": [
      0.8333333333333334
    ],
    "_values": [
      true
    ]
  }
]