{
  "__type__": "cc.SpriteFrame",
  "content": {
    "name": "Symbol01",
    "atlas": "",
    "rect": {
      "x": 0,
      "y": 0,
      "width": 104,
      "height": 88
    },
    "offset": {
      "x": 0,
      "y": 0
    },
    "originalSize": {
      "width": 104,
      "height": 88
    },
    "rotated": false,
    "capInsets": [
      0,
      0,
      0,
      0
    ],
    "vertices": {
      "rawPosition": [
        -52,
        -44,
        0,
        52,
        -44,
        0,
        -52,
        44,
        0,
        52,
        44,
        0
      ],
      "indexes": [
        0,
        1,
        2,
        2,
        1,
        3
      ],
      "uv": [
        0,
        88,
        104,
        88,
        0,
        0,
        104,
        0
      ],
      "nuv": [
        0,
        0,
        1,
        0,
        0,
        1,
        1,
        1
      ],
      "minPos": {
        "x": -52,
        "y": -44,
        "z": 0
      },
      "maxPos": {
        "x": 52,
        "y": 44,
        "z": 0
      }
    },
    "texture": "d07b1264-cd8a-4383-b226-6df59a8a9ba7@6c48a",
    "packable": true,
    "pixelsToUnit": 100,
    "pivot": {
      "x": 0.5,
      "y": 0.5
    },
    "meshType": 0
  }
}