[
  {
    "__type__": "cc.Prefab",
    "_name": "Symbol",
    "_objFlags": 0,
    "_native": "",
    "data": {
      "__id__": 1
    },
    "optimizationPolicy": 0,
    "persistent": false,
    "asyncLoadAssets": false
  },
  {
    "__type__": "cc.Node",
    "_name": "Symbol",
    "_objFlags": 0,
    "__editorExtras__": {},
    "_parent": null,
    "_children": [],
    "_active": true,
    "_components": [
      {
        "__id__": 2
      },
      {
        "__id__": 4
      },
      {
        "__id__": 6
      }
    ],
    "_prefab": {
      "__id__": 8
    },
    "_lpos": {
      "__type__": "cc.Vec3",
      "x": 0,
      "y": 187.5,
      "z": 0
    },
    "_lrot": {
      "__type__": "cc.Quat",
      "x": 0,
      "y": 0,
      "z": 0,
      "w": 1
    },
    "_lscale": {
      "__type__": "cc.Vec3",
      "x": 1,
      "y": 1,
      "z": 1
    },
    "_layer": 33554432,
    "_euler": {
      "__type__": "cc.Vec3",
      "x": 0,
      "y": 0,
      "z": 0
    },
    "_id": ""
  },
  {
    "__type__": "cc.UITransform",
    "_name": "",
    "_objFlags": 0,
    "node": {
      "__id__": 1
    },
    "_enabled": true,
    "__prefab": {
      "__id__": 3
    },
    "_contentSize": {
      "__type__": "cc.Size",
      "width": 104,
      "height": 88
    },
    "_anchorPoint": {
      "__type__": "cc.Vec2",
      "x": 0.5,
      "y": 0.5
    },
    "_id": ""
  },
  {
    "__type__": "cc.CompPrefabInfo",
    "fileId": "502GOoZ71Nbb4850T8C/BW"
  },
  {
    "__type__": "cc.Sprite",
    "_name": "",
    "_objFlags": 0,
    "node": {
      "__id__": 1
    },
    "_enabled": true,
    "__prefab": {
      "__id__": 5
    },
    "_customMaterial": null,
    "_srcBlendFactor": 2,
    "_dstBlendFactor": 4,
    "_color": {
      "__type__": "cc.Color",
      "r": 255,
      "g": 255,
      "b": 255,
      "a": 255
    },
    "_spriteFrame": {
      "__uuid__": "0806b14e-2643-4987-b6a0-9b6fb3ee93e7@f9941",
      "__expectedType__": "cc.SpriteFrame"
    },
    "_type": 0,
    "_fillType": 0,
    "_sizeMode": 2,
    "_fillCenter": {
      "__type__": "cc.Vec2",
      "x": 0,
      "y": 0
    },
    "_fillStart": 0,
    "_fillRange": 0,
    "_isTrimmedMode": true,
    "_useGrayscale": false,
    "_atlas": null,
    "_id": ""
  },
  {
    "__type__": "cc.CompPrefabInfo",
    "fileId": "42wAQ+RtVKUYQ2598i6QWL"
  },
  {
    "__type__": "a3162W0bIpKNbciXXgIKhCk",
    "_name": "",
    "_objFlags": 0,
    "node": {
      "__id__": 1
    },
    "_enabled": true,
    "__prefab": {
      "__id__": 7
    },
    "symbolSpriteFrames": [
      {
        "__uuid__": "0806b14e-2643-4987-b6a0-9b6fb3ee93e7@f9941",
        "__expectedType__": "cc.SpriteFrame"
      },
      {
        "__uuid__": "d07b1264-cd8a-4383-b226-6df59a8a9ba7@f9941",
        "__expectedType__": "cc.SpriteFrame"
      },
      {
        "__uuid__": "dd6dbaca-a534-43c5-b8a2-c8c7a51822a8@f9941",
        "__expectedType__": "cc.SpriteFrame"
      },
      {
        "__uuid__": "18b11e41-e1ac-4561-bf36-6878e0a28b0a@f9941",
        "__expectedType__": "cc.SpriteFrame"
      },
      {
        "__uuid__": "85dd7daf-47d8-4895-b719-26736d57eb28@f9941",
        "__expectedType__": "cc.SpriteFrame"
      },
      {
        "__uuid__": "67de0104-650e-4855-9501-85aa3ffa3d08@f9941",
        "__expectedType__": "cc.SpriteFrame"
      }
    ],
    "_id": ""
  },
  {
    "__type__": "cc.CompPrefabInfo",
    "fileId": "69RwV2IU9O7LsSOMxZn5go"
  },
  {
    "__type__": "cc.PrefabInfo",
    "root": {
      "__id__": 1
    },
    "asset": {
      "__id__": 0
    },
    "fileId": "c2BIYwuwVDvZ2vD0dMANMk"
  }
]