{
  "__type__": "cc.SpriteFrame",
  "content": {
    "name": "FireWork01_10",
    "atlas": "",
    "rect": {
      "x": 10,
      "y": 16,
      "width": 54,
      "height": 50
    },
    "offset": {
      "x": -3,
      "y": -1
    },
    "originalSize": {
      "width": 80,
      "height": 80
    },
    "rotated": false,
    "capInsets": [
      0,
      0,
      0,
      0
    ],
    "vertices": {
      "rawPosition": [
        -27,
        -25,
        0,
        27,
        -25,
        0,
        -27,
        25,
        0,
        27,
        25,
        0
      ],
      "indexes": [
        0,
        1,
        2,
        2,
        1,
        3
      ],
      "uv": [
        10,
        64,
        64,
        64,
        10,
        14,
        64,
        14
      ],
      "nuv": [
        0.125,
        0.175,
        0.8,
        0.175,
        0.125,
        0.8,
        0.8,
        0.8
      ],
      "minPos": {
        "x": -27,
        "y": -25,
        "z": 0
      },
      "maxPos": {
        "x": 27,
        "y": 25,
        "z": 0
      }
    },
    "texture": "576679c0-fa4d-45fb-ab8c-9800bbbe8071@6c48a",
    "packable": true,
    "pixelsToUnit": 100,
    "pivot": {
      "x": 0.5,
      "y": 0.5
    },
    "meshType": 0
  }
}