{
  "__type__": "cc.SpriteFrame",
  "content": {
    "name": "FireWork01_01",
    "atlas": "",
    "rect": {
      "x": 33,
      "y": 31,
      "width": 16,
      "height": 18
    },
    "offset": {
      "x": 1,
      "y": 0
    },
    "originalSize": {
      "width": 80,
      "height": 80
    },
    "rotated": false,
    "capInsets": [
      0,
      0,
      0,
      0
    ],
    "vertices": {
      "rawPosition": [
        -8,
        -9,
        0,
        8,
        -9,
        0,
        -8,
        9,
        0,
        8,
        9,
        0
      ],
      "indexes": [
        0,
        1,
        2,
        2,
        1,
        3
      ],
      "uv": [
        33,
        49,
        49,
        49,
        33,
        31,
        49,
        31
      ],
      "nuv": [
        0.4125,
        0.3875,
        0.6125,
        0.3875,
        0.4125,
        0.6125,
        0.6125,
        0.6125
      ],
      "minPos": {
        "x": -8,
        "y": -9,
        "z": 0
      },
      "maxPos": {
        "x": 8,
        "y": 9,
        "z": 0
      }
    },
    "texture": "a40893f3-acc3-4b8e-92fe-be7d533bd200@6c48a",
    "packable": true,
    "pixelsToUnit": 100,
    "pivot": {
      "x": 0.5,
      "y": 0.5
    },
    "meshType": 0
  }
}