{
  "__type__": "cc.SpriteFrame",
  "content": {
    "name": "FireWork01_14",
    "atlas": "",
    "rect": {
      "x": 12,
      "y": 17,
      "width": 47,
      "height": 45
    },
    "offset": {
      "x": -4.5,
      "y": 0.5
    },
    "originalSize": {
      "width": 80,
      "height": 80
    },
    "rotated": false,
    "capInsets": [
      0,
      0,
      0,
      0
    ],
    "vertices": {
      "rawPosition": [
        -23.5,
        -22.5,
        0,
        23.5,
        -22.5,
        0,
        -23.5,
        22.5,
        0,
        23.5,
        22.5,
        0
      ],
      "indexes": [
        0,
        1,
        2,
        2,
        1,
        3
      ],
      "uv": [
        12,
        63,
        59,
        63,
        12,
        18,
        59,
        18
      ],
      "nuv": [
        0.15,
        0.225,
        0.7375,
        0.225,
        0.15,
        0.7875,
        0.7375,
        0.7875
      ],
      "minPos": {
        "x": -23.5,
        "y": -22.5,
        "z": 0
      },
      "maxPos": {
        "x": 23.5,
        "y": 22.5,
        "z": 0
      }
    },
    "texture": "234bbfd9-b3ea-4a83-a7e2-a8c237cfd491@6c48a",
    "packable": true,
    "pixelsToUnit": 100,
    "pivot": {
      "x": 0.5,
      "y": 0.5
    },
    "meshType": 0
  }
}