{
  "__type__": "cc.SpriteFrame",
  "content": {
    "name": "SymbolGlow_01",
    "atlas": "",
    "rect": {
      "x": 9,
      "y": 9,
      "width": 22,
      "height": 24
    },
    "offset": {
      "x": 0,
      "y": -1
    },
    "originalSize": {
      "width": 40,
      "height": 40
    },
    "rotated": false,
    "capInsets": [
      0,
      0,
      0,
      0
    ],
    "vertices": {
      "rawPosition": [
        -11,
        -12,
        0,
        11,
        -12,
        0,
        -11,
        12,
        0,
        11,
        12,
        0
      ],
      "indexes": [
        0,
        1,
        2,
        2,
        1,
        3
      ],
      "uv": [
        9,
        31,
        31,
        31,
        9,
        7,
        31,
        7
      ],
      "nuv": [
        0.225,
        0.175,
        0.775,
        0.175,
        0.225,
        0.775,
        0.775,
        0.775
      ],
      "minPos": {
        "x": -11,
        "y": -12,
        "z": 0
      },
      "maxPos": {
        "x": 11,
        "y": 12,
        "z": 0
      }
    },
    "texture": "d7a84b43-bf61-4b79-a5bd-65a72d1b284c@6c48a",
    "packable": true,
    "pixelsToUnit": 100,
    "pivot": {
      "x": 0.5,
      "y": 0.5
    },
    "meshType": 0
  }
}