{
  "__type__": "cc.SpriteFrame",
  "content": {
    "name": "FireWork01_00",
    "atlas": "",
    "rect": {
      "x": 34,
      "y": 34,
      "width": 13,
      "height": 14
    },
    "offset": {
      "x": 0.5,
      "y": -1
    },
    "originalSize": {
      "width": 80,
      "height": 80
    },
    "rotated": false,
    "capInsets": [
      0,
      0,
      0,
      0
    ],
    "vertices": {
      "rawPosition": [
        -6.5,
        -7,
        0,
        6.5,
        -7,
        0,
        -6.5,
        7,
        0,
        6.5,
        7,
        0
      ],
      "indexes": [
        0,
        1,
        2,
        2,
        1,
        3
      ],
      "uv": [
        34,
        46,
        47,
        46,
        34,
        32,
        47,
        32
      ],
      "nuv": [
        0.425,
        0.4,
        0.5875,
        0.4,
        0.425,
        0.575,
        0.5875,
        0.575
      ],
      "minPos": {
        "x": -6.5,
        "y": -7,
        "z": 0
      },
      "maxPos": {
        "x": 6.5,
        "y": 7,
        "z": 0
      }
    },
    "texture": "66f6f277-8702-4e66-95dc-4d4e5dc9a50e@6c48a",
    "packable": true,
    "pixelsToUnit": 100,
    "pivot": {
      "x": 0.5,
      "y": 0.5
    },
    "meshType": 0
  }
}