[
  {
    "__type__": "cc.AnimationClip",
    "_name": "Gem4",
    "_objFlags": 0,
    "__editorExtras__": {
      "embeddedPlayerGroups": []
    },
    "_native": "",
    "sample": 60,
    "speed": 1,
    "wrapMode": 1,
    "enableTrsBlending": false,
    "_duration": 0.8333333333333334,
    "_hash": 500763545,
    "_tracks": [
      {
        "__id__": 1
      },
      {
        "__id__": 6
      },
      {
        "__id__": 11
      },
      {
        "__id__": 17
      },
      {
        "__id__": 22
      },
      {
        "__id__": 27
      },
      {
        "__id__": 33
      },
      {
        "__id__": 38
      },
      {
        "__id__": 49
      },
      {
        "__id__": 60
      },
      {
        "__id__": 71
      },
      {
        "__id__": 82
      },
      {
        "__id__": 93
      },
      {
        "__id__": 104
      },
      {
        "__id__": 115
      },
      {
        "__id__": 126
      },
      {
        "__id__": 137
      },
      {
        "__id__": 148
      },
      {
        "__id__": 159
      },
      {
        "__id__": 170
      }
    ],
    "_exoticAnimation": null,
    "_events": [],
    "_embeddedPlayers": []
  },
  {
    "__type__": "cc.animation.ObjectTrack",
    "_binding": {
      "__type__": "cc.animation.TrackBinding",
      "path": {
        "__id__": 2
      }
    },
    "_channel": {
      "__id__": 4
    }
  },
  {
    "__type__": "cc.animation.TrackPath",
    "_paths": [
      {
        "__id__": 3
      },
      "active"
    ]
  },
  {
    "__type__": "cc.animation.HierarchyPath",
    "path": "Node_00/Node_CandyPaper"
  },
  {
    "__type__": "cc.animation.Channel",
    "_curve": {
      "__id__": 5
    }
  },
  {
    "__type__": "cc.ObjectCurve",
    "_times": [
      0
    ],
    "_values": [
      false
    ]
  },
  {
    "__type__": "cc.animation.ObjectTrack",
    "_binding": {
      "__type__": "cc.animation.TrackBinding",
      "path": {
        "__id__": 7
      }
    },
    "_channel": {
      "__id__": 9
    }
  },
  {
    "__type__": "cc.animation.TrackPath",
    "_paths": [
      {
        "__id__": 8
      },
      "active"
    ]
  },
  {
    "__type__": "cc.animation.HierarchyPath",
    "path": "Node_00/CircleColor01_00_3"
  },
  {
    "__type__": "cc.animation.Channel",
    "_curve": {
      "__id__": 10
    }
  },
  {
    "__type__": "cc.ObjectCurve",
    "_times": [
      0,
      0.25,
      0.5666666666666667
    ],
    "_values": [
      false,
      true,
      false
    ]
  },
  {
    "__type__": "cc.animation.RealTrack",
    "_binding": {
      "__type__": "cc.animation.TrackBinding",
      "path": {
        "__id__": 12
      }
    },
    "_channel": {
      "__id__": 15
    }
  },
  {
    "__type__": "cc.animation.TrackPath",
    "_paths": [
      {
        "__id__": 13
      },
      {
        "__id__": 14
      },
      "opacity"
    ]
  },
  {
    "__type__": "cc.animation.HierarchyPath",
    "path": "Node_00/CircleColor01_00_3"
  },
  {
    "__type__": "cc.animation.ComponentPath",
    "component": "cc.UIOpacity"
  },
  {
    "__type__": "cc.animation.Channel",
    "_curve": {
      "__id__": 16
    }
  },
  {
    "__type__": "cc.RealCurve",
    "_times": [
      0.4000000059604645,
      0.5666666626930237
    ],
    "_values": [
      {
        "__type__": "cc.RealKeyframeValue",
        "interpolationMode": 0,
        "tangentWeightMode": 0,
        "value": 255,
        "rightTangent": 0,
        "rightTangentWeight": 0,
        "leftTangent": 0,
        "leftTangentWeight": 0,
        "easingMethod": 0
      },
      {
        "__type__": "cc.RealKeyframeValue",
        "interpolationMode": 0,
        "tangentWeightMode": 0,
        "value": 0,
        "rightTangent": 0,
        "rightTangentWeight": 0,
        "leftTangent": 0,
        "leftTangentWeight": 0,
        "easingMethod": 0
      }
    ],
    "preExtrapolation": 1,
    "postExtrapolation": 1
  },
  {
    "__type__": "cc.animation.ObjectTrack",
    "_binding": {
      "__type__": "cc.animation.TrackBinding",
      "path": {
        "__id__": 18
      }
    },
    "_channel": {
      "__id__": 20
    }
  },
  {
    "__type__": "cc.animation.TrackPath",
    "_paths": [
      {
        "__id__": 19
      },
      "active"
    ]
  },
  {
    "__type__": "cc.animation.HierarchyPath",
    "path": "Node_00/Node_Star"
  },
  {
    "__type__": "cc.animation.Channel",
    "_curve": {
      "__id__": 21
    }
  },
  {
    "__type__": "cc.ObjectCurve",
    "_times": [
      0
    ],
    "_values": [
      false
    ]
  },
  {
    "__type__": "cc.animation.ObjectTrack",
    "_binding": {
      "__type__": "cc.animation.TrackBinding",
      "path": {
        "__id__": 23
      }
    },
    "_channel": {
      "__id__": 25
    }
  },
  {
    "__type__": "cc.animation.TrackPath",
    "_paths": [
      {
        "__id__": 24
      },
      "active"
    ]
  },
  {
    "__type__": "cc.animation.HierarchyPath",
    "path": "Node_00/FireWork01"
  },
  {
    "__type__": "cc.animation.Channel",
    "_curve": {
      "__id__": 26
    }
  },
  {
    "__type__": "cc.ObjectCurve",
    "_times": [
      0,
      0.2,
      0.7
    ],
    "_values": [
      false,
      true,
      false
    ]
  },
  {
    "__type__": "cc.animation.ObjectTrack",
    "_binding": {
      "__type__": "cc.animation.TrackBinding",
      "path": {
        "__id__": 28
      }
    },
    "_channel": {
      "__id__": 31
    }
  },
  {
    "__type__": "cc.animation.TrackPath",
    "_paths": [
      {
        "__id__": 29
      },
      {
        "__id__": 30
      },
      "spriteFrame"
    ]
  },
  {
    "__type__": "cc.animation.HierarchyPath",
    "path": "Node_00/FireWork01"
  },
  {
    "__type__": "cc.animation.ComponentPath",
    "component": "cc.Sprite"
  },
  {
    "__type__": "cc.animation.Channel",
    "_curve": {
      "__id__": 32
    }
  },
  {
    "__type__": "cc.ObjectCurve",
    "_times": [
      0.2,
      0.23333333333333334,
      0.26666666666666666,
      0.3,
      0.3333333333333333,
      0.36666666666666664,
      0.4,
      0.43333333333333335,
      0.4666666666666667,
      0.5,
      0.5333333333333333,
      0.5666666666666667,
      0.6,
      0.6333333333333333,
      0.6666666666666666
    ],
    "_values": [
      {
        "__uuid__": "66f6f277-8702-4e66-95dc-4d4e5dc9a50e@f9941",
        "__expectedType__": "cc.SpriteFrame"
      },
      {
        "__uuid__": "a40893f3-acc3-4b8e-92fe-be7d533bd200@f9941",
        "__expectedType__": "cc.SpriteFrame"
      },
      {
        "__uuid__": "44dd74f8-a39b-4718-b3ea-b04a56b16ce3@f9941",
        "__expectedType__": "cc.SpriteFrame"
      },
      {
        "__uuid__": "5e592611-a697-4393-a570-d4f2eb529c92@f9941",
        "__expectedType__": "cc.SpriteFrame"
      },
      {
        "__uuid__": "abdf3735-ae5d-425a-8205-327ec87550e2@f9941",
        "__expectedType__": "cc.SpriteFrame"
      },
      {
        "__uuid__": "8830caf8-9c33-43e5-91ca-1040f26502ee@f9941",
        "__expectedType__": "cc.SpriteFrame"
      },
      {
        "__uuid__": "abf59023-1679-46eb-8533-8a9ec35f7281@f9941",
        "__expectedType__": "cc.SpriteFrame"
      },
      {
        "__uuid__": "b9a5adf6-9231-4e5c-a928-c98967863ab6@f9941",
        "__expectedType__": "cc.SpriteFrame"
      },
      {
        "__uuid__": "44070db6-8199-4cac-8e8b-97d8c703b1d4@f9941",
        "__expectedType__": "cc.SpriteFrame"
      },
      {
        "__uuid__": "8c5ac21a-642f-4ce0-8f6e-4c33b9037bf1@f9941",
        "__expectedType__": "cc.SpriteFrame"
      },
      {
        "__uuid__": "576679c0-fa4d-45fb-ab8c-9800bbbe8071@f9941",
        "__expectedType__": "cc.SpriteFrame"
      },
      {
        "__uuid__": "c82013b0-b86b-4331-9536-49c0a730f701@f9941",
        "__expectedType__": "cc.SpriteFrame"
      },
      {
        "__uuid__": "3fecf1cc-8b5b-4f15-a0c5-65dcb608f089@f9941",
        "__expectedType__": "cc.SpriteFrame"
      },
      {
        "__uuid__": "05d26157-8e76-4c6d-a6e3-6f66828f2da1@f9941",
        "__expectedType__": "cc.SpriteFrame"
      },
      {
        "__uuid__": "234bbfd9-b3ea-4a83-a7e2-a8c237cfd491@f9941",
        "__expectedType__": "cc.SpriteFrame"
      }
    ]
  },
  {
    "__type__": "cc.animation.ObjectTrack",
    "_binding": {
      "__type__": "cc.animation.TrackBinding",
      "path": {
        "__id__": 34
      }
    },
    "_channel": {
      "__id__": 36
    }
  },
  {
    "__type__": "cc.animation.TrackPath",
    "_paths": [
      {
        "__id__": 35
      },
      "active"
    ]
  },
  {
    "__type__": "cc.animation.HierarchyPath",
    "path": "Node_00"
  },
  {
    "__type__": "cc.animation.Channel",
    "_curve": {
      "__id__": 37
    }
  },
  {
    "__type__": "cc.ObjectCurve",
    "_times": [
      0.8333333333333334
    ],
    "_values": [
      true
    ]
  },
  {
    "__type__": "cc.animation.VectorTrack",
    "_binding": {
      "__type__": "cc.animation.TrackBinding",
      "path": {
        "__id__": 39
      }
    },
    "_channels": [
      {
        "__id__": 41
      },
      {
        "__id__": 43
      },
      {
        "__id__": 45
      },
      {
        "__id__": 47
      }
    ],
    "_nComponents": 3
  },
  {
    "__type__": "cc.animation.TrackPath",
    "_paths": [
      {
        "__id__": 40
      },
      "scale"
    ]
  },
  {
    "__type__": "cc.animation.HierarchyPath",
    "path": "Node_00/Node_CandyPaper/CandyPaper00"
  },
  {
    "__type__": "cc.animation.Channel",
    "_curve": {
      "__id__": 42
    }
  },
  {
    "__type__": "cc.RealCurve",
    "_times": [],
    "_values": [],
    "preExtrapolation": 1,
    "postExtrapolation": 1
  },
  {
    "__type__": "cc.animation.Channel",
    "_curve": {
      "__id__": 44
    }
  },
  {
    "__type__": "cc.RealCurve",
    "_times": [],
    "_values": [],
    "preExtrapolation": 1,
    "postExtrapolation": 1
  },
  {
    "__type__": "cc.animation.Channel",
    "_curve": {
      "__id__": 46
    }
  },
  {
    "__type__": "cc.RealCurve",
    "_times": [],
    "_values": [],
    "preExtrapolation": 1,
    "postExtrapolation": 1
  },
  {
    "__type__": "cc.animation.Channel",
    "_curve": {
      "__id__": 48
    }
  },
  {
    "__type__": "cc.RealCurve",
    "_times": [],
    "_values": [],
    "preExtrapolation": 1,
    "postExtrapolation": 1
  },
  {
    "__type__": "cc.animation.VectorTrack",
    "_binding": {
      "__type__": "cc.animation.TrackBinding",
      "path": {
        "__id__": 50
      }
    },
    "_channels": [
      {
        "__id__": 52
      },
      {
        "__id__": 54
      },
      {
        "__id__": 56
      },
      {
        "__id__": 58
      }
    ],
    "_nComponents": 3
  },
  {
    "__type__": "cc.animation.TrackPath",
    "_paths": [
      {
        "__id__": 51
      },
      "scale"
    ]
  },
  {
    "__type__": "cc.animation.HierarchyPath",
    "path": "Node_00/Node_CandyPaper/CandyPaper02"
  },
  {
    "__type__": "cc.animation.Channel",
    "_curve": {
      "__id__": 53
    }
  },
  {
    "__type__": "cc.RealCurve",
    "_times": [],
    "_values": [],
    "preExtrapolation": 1,
    "postExtrapolation": 1
  },
  {
    "__type__": "cc.animation.Channel",
    "_curve": {
      "__id__": 55
    }
  },
  {
    "__type__": "cc.RealCurve",
    "_times": [],
    "_values": [],
    "preExtrapolation": 1,
    "postExtrapolation": 1
  },
  {
    "__type__": "cc.animation.Channel",
    "_curve": {
      "__id__": 57
    }
  },
  {
    "__type__": "cc.RealCurve",
    "_times": [],
    "_values": [],
    "preExtrapolation": 1,
    "postExtrapolation": 1
  },
  {
    "__type__": "cc.animation.Channel",
    "_curve": {
      "__id__": 59
    }
  },
  {
    "__type__": "cc.RealCurve",
    "_times": [],
    "_values": [],
    "preExtrapolation": 1,
    "postExtrapolation": 1
  },
  {
    "__type__": "cc.animation.VectorTrack",
    "_binding": {
      "__type__": "cc.animation.TrackBinding",
      "path": {
        "__id__": 61
      }
    },
    "_channels": [
      {
        "__id__": 63
      },
      {
        "__id__": 65
      },
      {
        "__id__": 67
      },
      {
        "__id__": 69
      }
    ],
    "_nComponents": 3
  },
  {
    "__type__": "cc.animation.TrackPath",
    "_paths": [
      {
        "__id__": 62
      },
      "scale"
    ]
  },
  {
    "__type__": "cc.animation.HierarchyPath",
    "path": "Node_00/Node_CandyPaper/CandyPaper04"
  },
  {
    "__type__": "cc.animation.Channel",
    "_curve": {
      "__id__": 64
    }
  },
  {
    "__type__": "cc.RealCurve",
    "_times": [],
    "_values": [],
    "preExtrapolation": 1,
    "postExtrapolation": 1
  },
  {
    "__type__": "cc.animation.Channel",
    "_curve": {
      "__id__": 66
    }
  },
  {
    "__type__": "cc.RealCurve",
    "_times": [],
    "_values": [],
    "preExtrapolation": 1,
    "postExtrapolation": 1
  },
  {
    "__type__": "cc.animation.Channel",
    "_curve": {
      "__id__": 68
    }
  },
  {
    "__type__": "cc.RealCurve",
    "_times": [],
    "_values": [],
    "preExtrapolation": 1,
    "postExtrapolation": 1
  },
  {
    "__type__": "cc.animation.Channel",
    "_curve": {
      "__id__": 70
    }
  },
  {
    "__type__": "cc.RealCurve",
    "_times": [],
    "_values": [],
    "preExtrapolation": 1,
    "postExtrapolation": 1
  },
  {
    "__type__": "cc.animation.VectorTrack",
    "_binding": {
      "__type__": "cc.animation.TrackBinding",
      "path": {
        "__id__": 72
      }
    },
    "_channels": [
      {
        "__id__": 74
      },
      {
        "__id__": 76
      },
      {
        "__id__": 78
      },
      {
        "__id__": 80
      }
    ],
    "_nComponents": 3
  },
  {
    "__type__": "cc.animation.TrackPath",
    "_paths": [
      {
        "__id__": 73
      },
      "scale"
    ]
  },
  {
    "__type__": "cc.animation.HierarchyPath",
    "path": "Node_00/Node_CandyPaper/CandyPaper03"
  },
  {
    "__type__": "cc.animation.Channel",
    "_curve": {
      "__id__": 75
    }
  },
  {
    "__type__": "cc.RealCurve",
    "_times": [],
    "_values": [],
    "preExtrapolation": 1,
    "postExtrapolation": 1
  },
  {
    "__type__": "cc.animation.Channel",
    "_curve": {
      "__id__": 77
    }
  },
  {
    "__type__": "cc.RealCurve",
    "_times": [],
    "_values": [],
    "preExtrapolation": 1,
    "postExtrapolation": 1
  },
  {
    "__type__": "cc.animation.Channel",
    "_curve": {
      "__id__": 79
    }
  },
  {
    "__type__": "cc.RealCurve",
    "_times": [],
    "_values": [],
    "preExtrapolation": 1,
    "postExtrapolation": 1
  },
  {
    "__type__": "cc.animation.Channel",
    "_curve": {
      "__id__": 81
    }
  },
  {
    "__type__": "cc.RealCurve",
    "_times": [],
    "_values": [],
    "preExtrapolation": 1,
    "postExtrapolation": 1
  },
  {
    "__type__": "cc.animation.VectorTrack",
    "_binding": {
      "__type__": "cc.animation.TrackBinding",
      "path": {
        "__id__": 83
      }
    },
    "_channels": [
      {
        "__id__": 85
      },
      {
        "__id__": 87
      },
      {
        "__id__": 89
      },
      {
        "__id__": 91
      }
    ],
    "_nComponents": 3
  },
  {
    "__type__": "cc.animation.TrackPath",
    "_paths": [
      {
        "__id__": 84
      },
      "scale"
    ]
  },
  {
    "__type__": "cc.animation.HierarchyPath",
    "path": "Node_00/Node_CandyPaper/CandyPaper01"
  },
  {
    "__type__": "cc.animation.Channel",
    "_curve": {
      "__id__": 86
    }
  },
  {
    "__type__": "cc.RealCurve",
    "_times": [],
    "_values": [],
    "preExtrapolation": 1,
    "postExtrapolation": 1
  },
  {
    "__type__": "cc.animation.Channel",
    "_curve": {
      "__id__": 88
    }
  },
  {
    "__type__": "cc.RealCurve",
    "_times": [],
    "_values": [],
    "preExtrapolation": 1,
    "postExtrapolation": 1
  },
  {
    "__type__": "cc.animation.Channel",
    "_curve": {
      "__id__": 90
    }
  },
  {
    "__type__": "cc.RealCurve",
    "_times": [],
    "_values": [],
    "preExtrapolation": 1,
    "postExtrapolation": 1
  },
  {
    "__type__": "cc.animation.Channel",
    "_curve": {
      "__id__": 92
    }
  },
  {
    "__type__": "cc.RealCurve",
    "_times": [],
    "_values": [],
    "preExtrapolation": 1,
    "postExtrapolation": 1
  },
  {
    "__type__": "cc.animation.VectorTrack",
    "_binding": {
      "__type__": "cc.animation.TrackBinding",
      "path": {
        "__id__": 94
      }
    },
    "_channels": [
      {
        "__id__": 96
      },
      {
        "__id__": 98
      },
      {
        "__id__": 100
      },
      {
        "__id__": 102
      }
    ],
    "_nComponents": 3
  },
  {
    "__type__": "cc.animation.TrackPath",
    "_paths": [
      {
        "__id__": 95
      },
      "scale"
    ]
  },
  {
    "__type__": "cc.animation.HierarchyPath",
    "path": "Node_00/Node_CandyPaper/CandyPaper02_2"
  },
  {
    "__type__": "cc.animation.Channel",
    "_curve": {
      "__id__": 97
    }
  },
  {
    "__type__": "cc.RealCurve",
    "_times": [],
    "_values": [],
    "preExtrapolation": 1,
    "postExtrapolation": 1
  },
  {
    "__type__": "cc.animation.Channel",
    "_curve": {
      "__id__": 99
    }
  },
  {
    "__type__": "cc.RealCurve",
    "_times": [],
    "_values": [],
    "preExtrapolation": 1,
    "postExtrapolation": 1
  },
  {
    "__type__": "cc.animation.Channel",
    "_curve": {
      "__id__": 101
    }
  },
  {
    "__type__": "cc.RealCurve",
    "_times": [],
    "_values": [],
    "preExtrapolation": 1,
    "postExtrapolation": 1
  },
  {
    "__type__": "cc.animation.Channel",
    "_curve": {
      "__id__": 103
    }
  },
  {
    "__type__": "cc.RealCurve",
    "_times": [],
    "_values": [],
    "preExtrapolation": 1,
    "postExtrapolation": 1
  },
  {
    "__type__": "cc.animation.VectorTrack",
    "_binding": {
      "__type__": "cc.animation.TrackBinding",
      "path": {
        "__id__": 105
      }
    },
    "_channels": [
      {
        "__id__": 107
      },
      {
        "__id__": 109
      },
      {
        "__id__": 111
      },
      {
        "__id__": 113
      }
    ],
    "_nComponents": 3
  },
  {
    "__type__": "cc.animation.TrackPath",
    "_paths": [
      {
        "__id__": 106
      },
      "scale"
    ]
  },
  {
    "__type__": "cc.animation.HierarchyPath",
    "path": "Node_00/CircleColor01_00_3"
  },
  {
    "__type__": "cc.animation.Channel",
    "_curve": {
      "__id__": 108
    }
  },
  {
    "__type__": "cc.RealCurve",
    "_times": [
      0.25,
      0.3166666626930237,
      0.4000000059604645,
      0.4833333194255829,
      0.5666666626930237
    ],
    "_values": [
      {
        "__type__": "cc.RealKeyframeValue",
        "interpolationMode": 0,
        "tangentWeightMode": 0,
        "value": 0.20000000298023224,
        "rightTangent": 0,
        "rightTangentWeight": 0,
        "leftTangent": 0,
        "leftTangentWeight": 0,
        "easingMethod": 0
      },
      {
        "__type__": "cc.RealKeyframeValue",
        "interpolationMode": 0,
        "tangentWeightMode": 0,
        "value": 1.0529999732971191,
        "rightTangent": 0,
        "rightTangentWeight": 0,
        "leftTangent": 0,
        "leftTangentWeight": 0,
        "easingMethod": 0
      },
      {
        "__type__": "cc.RealKeyframeValue",
        "interpolationMode": 0,
        "tangentWeightMode": 0,
        "value": 1.5260000228881836,
        "rightTangent": 0,
        "rightTangentWeight": 0,
        "leftTangent": 0,
        "leftTangentWeight": 0,
        "easingMethod": 0
      },
      {
        "__type__": "cc.RealKeyframeValue",
        "interpolationMode": 0,
        "tangentWeightMode": 0,
        "value": 1.8109999895095825,
        "rightTangent": 0,
        "rightTangentWeight": 0,
        "leftTangent": 0,
        "leftTangentWeight": 0,
        "easingMethod": 0
      },
      {
        "__type__": "cc.RealKeyframeValue",
        "interpolationMode": 0,
        "tangentWeightMode": 0,
        "value": 2,
        "rightTangent": 0,
        "rightTangentWeight": 0,
        "leftTangent": 0,
        "leftTangentWeight": 0,
        "easingMethod": 0
      }
    ],
    "preExtrapolation": 1,
    "postExtrapolation": 1
  },
  {
    "__type__": "cc.animation.Channel",
    "_curve": {
      "__id__": 110
    }
  },
  {
    "__type__": "cc.RealCurve",
    "_times": [
      0.25,
      0.3166666626930237,
      0.4000000059604645,
      0.4833333194255829,
      0.5666666626930237
    ],
    "_values": [
      {
        "__type__": "cc.RealKeyframeValue",
        "interpolationMode": 0,
        "tangentWeightMode": 0,
        "value": 0.20000000298023224,
        "rightTangent": 0,
        "rightTangentWeight": 0,
        "leftTangent": 0,
        "leftTangentWeight": 0,
        "easingMethod": 0
      },
      {
        "__type__": "cc.RealKeyframeValue",
        "interpolationMode": 0,
        "tangentWeightMode": 0,
        "value": 1.0529999732971191,
        "rightTangent": 0,
        "rightTangentWeight": 0,
        "leftTangent": 0,
        "leftTangentWeight": 0,
        "easingMethod": 0
      },
      {
        "__type__": "cc.RealKeyframeValue",
        "interpolationMode": 0,
        "tangentWeightMode": 0,
        "value": 1.5260000228881836,
        "rightTangent": 0,
        "rightTangentWeight": 0,
        "leftTangent": 0,
        "leftTangentWeight": 0,
        "easingMethod": 0
      },
      {
        "__type__": "cc.RealKeyframeValue",
        "interpolationMode": 0,
        "tangentWeightMode": 0,
        "value": 1.8109999895095825,
        "rightTangent": 0,
        "rightTangentWeight": 0,
        "leftTangent": 0,
        "leftTangentWeight": 0,
        "easingMethod": 0
      },
      {
        "__type__": "cc.RealKeyframeValue",
        "interpolationMode": 0,
        "tangentWeightMode": 0,
        "value": 2,
        "rightTangent": 0,
        "rightTangentWeight": 0,
        "leftTangent": 0,
        "leftTangentWeight": 0,
        "easingMethod": 0
      }
    ],
    "preExtrapolation": 1,
    "postExtrapolation": 1
  },
  {
    "__type__": "cc.animation.Channel",
    "_curve": {
      "__id__": 112
    }
  },
  {
    "__type__": "cc.RealCurve",
    "_times": [],
    "_values": [],
    "preExtrapolation": 1,
    "postExtrapolation": 1
  },
  {
    "__type__": "cc.animation.Channel",
    "_curve": {
      "__id__": 114
    }
  },
  {
    "__type__": "cc.RealCurve",
    "_times": [],
    "_values": [],
    "preExtrapolation": 1,
    "postExtrapolation": 1
  },
  {
    "__type__": "cc.animation.VectorTrack",
    "_binding": {
      "__type__": "cc.animation.TrackBinding",
      "path": {
        "__id__": 116
      }
    },
    "_channels": [
      {
        "__id__": 118
      },
      {
        "__id__": 120
      },
      {
        "__id__": 122
      },
      {
        "__id__": 124
      }
    ],
    "_nComponents": 3
  },
  {
    "__type__": "cc.animation.TrackPath",
    "_paths": [
      {
        "__id__": 117
      },
      "scale"
    ]
  },
  {
    "__type__": "cc.animation.HierarchyPath",
    "path": "Node_00/Node_Star/ClearStar_01"
  },
  {
    "__type__": "cc.animation.Channel",
    "_curve": {
      "__id__": 119
    }
  },
  {
    "__type__": "cc.RealCurve",
    "_times": [],
    "_values": [],
    "preExtrapolation": 1,
    "postExtrapolation": 1
  },
  {
    "__type__": "cc.animation.Channel",
    "_curve": {
      "__id__": 121
    }
  },
  {
    "__type__": "cc.RealCurve",
    "_times": [],
    "_values": [],
    "preExtrapolation": 1,
    "postExtrapolation": 1
  },
  {
    "__type__": "cc.animation.Channel",
    "_curve": {
      "__id__": 123
    }
  },
  {
    "__type__": "cc.RealCurve",
    "_times": [],
    "_values": [],
    "preExtrapolation": 1,
    "postExtrapolation": 1
  },
  {
    "__type__": "cc.animation.Channel",
    "_curve": {
      "__id__": 125
    }
  },
  {
    "__type__": "cc.RealCurve",
    "_times": [],
    "_values": [],
    "preExtrapolation": 1,
    "postExtrapolation": 1
  },
  {
    "__type__": "cc.animation.VectorTrack",
    "_binding": {
      "__type__": "cc.animation.TrackBinding",
      "path": {
        "__id__": 127
      }
    },
    "_channels": [
      {
        "__id__": 129
      },
      {
        "__id__": 131
      },
      {
        "__id__": 133
      },
      {
        "__id__": 135
      }
    ],
    "_nComponents": 3
  },
  {
    "__type__": "cc.animation.TrackPath",
    "_paths": [
      {
        "__id__": 128
      },
      "scale"
    ]
  },
  {
    "__type__": "cc.animation.HierarchyPath",
    "path": "Node_00/Node_Star/ClearStar_02"
  },
  {
    "__type__": "cc.animation.Channel",
    "_curve": {
      "__id__": 130
    }
  },
  {
    "__type__": "cc.RealCurve",
    "_times": [],
    "_values": [],
    "preExtrapolation": 1,
    "postExtrapolation": 1
  },
  {
    "__type__": "cc.animation.Channel",
    "_curve": {
      "__id__": 132
    }
  },
  {
    "__type__": "cc.RealCurve",
    "_times": [],
    "_values": [],
    "preExtrapolation": 1,
    "postExtrapolation": 1
  },
  {
    "__type__": "cc.animation.Channel",
    "_curve": {
      "__id__": 134
    }
  },
  {
    "__type__": "cc.RealCurve",
    "_times": [],
    "_values": [],
    "preExtrapolation": 1,
    "postExtrapolation": 1
  },
  {
    "__type__": "cc.animation.Channel",
    "_curve": {
      "__id__": 136
    }
  },
  {
    "__type__": "cc.RealCurve",
    "_times": [],
    "_values": [],
    "preExtrapolation": 1,
    "postExtrapolation": 1
  },
  {
    "__type__": "cc.animation.VectorTrack",
    "_binding": {
      "__type__": "cc.animation.TrackBinding",
      "path": {
        "__id__": 138
      }
    },
    "_channels": [
      {
        "__id__": 140
      },
      {
        "__id__": 142
      },
      {
        "__id__": 144
      },
      {
        "__id__": 146
      }
    ],
    "_nComponents": 3
  },
  {
    "__type__": "cc.animation.TrackPath",
    "_paths": [
      {
        "__id__": 139
      },
      "scale"
    ]
  },
  {
    "__type__": "cc.animation.HierarchyPath",
    "path": "Node_00/Node_Star/ClearStar_03"
  },
  {
    "__type__": "cc.animation.Channel",
    "_curve": {
      "__id__": 141
    }
  },
  {
    "__type__": "cc.RealCurve",
    "_times": [],
    "_values": [],
    "preExtrapolation": 1,
    "postExtrapolation": 1
  },
  {
    "__type__": "cc.animation.Channel",
    "_curve": {
      "__id__": 143
    }
  },
  {
    "__type__": "cc.RealCurve",
    "_times": [],
    "_values": [],
    "preExtrapolation": 1,
    "postExtrapolation": 1
  },
  {
    "__type__": "cc.animation.Channel",
    "_curve": {
      "__id__": 145
    }
  },
  {
    "__type__": "cc.RealCurve",
    "_times": [],
    "_values": [],
    "preExtrapolation": 1,
    "postExtrapolation": 1
  },
  {
    "__type__": "cc.animation.Channel",
    "_curve": {
      "__id__": 147
    }
  },
  {
    "__type__": "cc.RealCurve",
    "_times": [],
    "_values": [],
    "preExtrapolation": 1,
    "postExtrapolation": 1
  },
  {
    "__type__": "cc.animation.VectorTrack",
    "_binding": {
      "__type__": "cc.animation.TrackBinding",
      "path": {
        "__id__": 149
      }
    },
    "_channels": [
      {
        "__id__": 151
      },
      {
        "__id__": 153
      },
      {
        "__id__": 155
      },
      {
        "__id__": 157
      }
    ],
    "_nComponents": 3
  },
  {
    "__type__": "cc.animation.TrackPath",
    "_paths": [
      {
        "__id__": 150
      },
      "scale"
    ]
  },
  {
    "__type__": "cc.animation.HierarchyPath",
    "path": "Node_00/Node_Star/ClearStar_04"
  },
  {
    "__type__": "cc.animation.Channel",
    "_curve": {
      "__id__": 152
    }
  },
  {
    "__type__": "cc.RealCurve",
    "_times": [],
    "_values": [],
    "preExtrapolation": 1,
    "postExtrapolation": 1
  },
  {
    "__type__": "cc.animation.Channel",
    "_curve": {
      "__id__": 154
    }
  },
  {
    "__type__": "cc.RealCurve",
    "_times": [],
    "_values": [],
    "preExtrapolation": 1,
    "postExtrapolation": 1
  },
  {
    "__type__": "cc.animation.Channel",
    "_curve": {
      "__id__": 156
    }
  },
  {
    "__type__": "cc.RealCurve",
    "_times": [],
    "_values": [],
    "preExtrapolation": 1,
    "postExtrapolation": 1
  },
  {
    "__type__": "cc.animation.Channel",
    "_curve": {
      "__id__": 158
    }
  },
  {
    "__type__": "cc.RealCurve",
    "_times": [],
    "_values": [],
    "preExtrapolation": 1,
    "postExtrapolation": 1
  },
  {
    "__type__": "cc.animation.VectorTrack",
    "_binding": {
      "__type__": "cc.animation.TrackBinding",
      "path": {
        "__id__": 160
      }
    },
    "_channels": [
      {
        "__id__": 162
      },
      {
        "__id__": 164
      },
      {
        "__id__": 166
      },
      {
        "__id__": 168
      }
    ],
    "_nComponents": 3
  },
  {
    "__type__": "cc.animation.TrackPath",
    "_paths": [
      {
        "__id__": 161
      },
      "scale"
    ]
  },
  {
    "__type__": "cc.animation.HierarchyPath",
    "path": "Node_00/Node_Star/ClearStar_05"
  },
  {
    "__type__": "cc.animation.Channel",
    "_curve": {
      "__id__": 163
    }
  },
  {
    "__type__": "cc.RealCurve",
    "_times": [],
    "_values": [],
    "preExtrapolation": 1,
    "postExtrapolation": 1
  },
  {
    "__type__": "cc.animation.Channel",
    "_curve": {
      "__id__": 165
    }
  },
  {
    "__type__": "cc.RealCurve",
    "_times": [],
    "_values": [],
    "preExtrapolation": 1,
    "postExtrapolation": 1
  },
  {
    "__type__": "cc.animation.Channel",
    "_curve": {
      "__id__": 167
    }
  },
  {
    "__type__": "cc.RealCurve",
    "_times": [],
    "_values": [],
    "preExtrapolation": 1,
    "postExtrapolation": 1
  },
  {
    "__type__": "cc.animation.Channel",
    "_curve": {
      "__id__": 169
    }
  },
  {
    "__type__": "cc.RealCurve",
    "_times": [],
    "_values": [],
    "preExtrapolation": 1,
    "postExtrapolation": 1
  },
  {
    "__type__": "cc.animation.VectorTrack",
    "_binding": {
      "__type__": "cc.animation.TrackBinding",
      "path": {
        "__id__": 171
      }
    },
    "_channels": [
      {
        "__id__": 173
      },
      {
        "__id__": 175
      },
      {
        "__id__": 177
      },
      {
        "__id__": 179
      }
    ],
    "_nComponents": 3
  },
  {
    "__type__": "cc.animation.TrackPath",
    "_paths": [
      {
        "__id__": 172
      },
      "scale"
    ]
  },
  {
    "__type__": "cc.animation.HierarchyPath",
    "path": "Node_00/Node_Star/ClearStar_06"
  },
  {
    "__type__": "cc.animation.Channel",
    "_curve": {
      "__id__": 174
    }
  },
  {
    "__type__": "cc.RealCurve",
    "_times": [],
    "_values": [],
    "preExtrapolation": 1,
    "postExtrapolation": 1
  },
  {
    "__type__": "cc.animation.Channel",
    "_curve": {
      "__id__": 176
    }
  },
  {
    "__type__": "cc.RealCurve",
    "_times": [],
    "_values": [],
    "preExtrapolation": 1,
    "postExtrapolation": 1
  },
  {
    "__type__": "cc.animation.Channel",
    "_curve": {
      "__id__": 178
    }
  },
  {
    "__type__": "cc.RealCurve",
    "_times": [],
    "_values": [],
    "preExtrapolation": 1,
    "postExtrapolation": 1
  },
  {
    "__type__": "cc.animation.Channel",
    "_curve": {
      "__id__": 180
    }
  },
  {
    "__type__": "cc.RealCurve",
    "_times": [],
    "_values": [],
    "preExtrapolation": 1,
    "postExtrapolation": 1
  }
]