{
  "__type__": "cc.SpriteFrame",
  "content": {
    "name": "FireWork01_04",
    "atlas": "",
    "rect": {
      "x": 22,
      "y": 25,
      "width": 35,
      "height": 29
    },
    "offset": {
      "x": -0.5,
      "y": 0.5
    },
    "originalSize": {
      "width": 80,
      "height": 80
    },
    "rotated": false,
    "capInsets": [
      0,
      0,
      0,
      0
    ],
    "vertices": {
      "rawPosition": [
        -17.5,
        -14.5,
        0,
        17.5,
        -14.5,
        0,
        -17.5,
        14.5,
        0,
        17.5,
        14.5,
        0
      ],
      "indexes": [
        0,
        1,
        2,
        2,
        1,
        3
      ],
      "uv": [
        22,
        55,
        57,
        55,
        22,
        26,
        57,
        26
      ],
      "nuv": [
        0.275,
        0.325,
        0.7125,
        0.325,
        0.275,
        0.6875,
        0.7125,
        0.6875
      ],
      "minPos": {
        "x": -17.5,
        "y": -14.5,
        "z": 0
      },
      "maxPos": {
        "x": 17.5,
        "y": 14.5,
        "z": 0
      }
    },
    "texture": "abdf3735-ae5d-425a-8205-327ec87550e2@6c48a",
    "packable": true,
    "pixelsToUnit": 100,
    "pivot": {
      "x": 0.5,
      "y": 0.5
    },
    "meshType": 0
  }
}