{
  "__type__": "cc.SpriteFrame",
  "content": {
    "name": "FireWork01_06",
    "atlas": "",
    "rect": {
      "x": 17,
      "y": 19,
      "width": 43,
      "height": 40
    },
    "offset": {
      "x": -1.5,
      "y": 1
    },
    "originalSize": {
      "width": 80,
      "height": 80
    },
    "rotated": false,
    "capInsets": [
      0,
      0,
      0,
      0
    ],
    "vertices": {
      "rawPosition": [
        -21.5,
        -20,
        0,
        21.5,
        -20,
        0,
        -21.5,
        20,
        0,
        21.5,
        20,
        0
      ],
      "indexes": [
        0,
        1,
        2,
        2,
        1,
        3
      ],
      "uv": [
        17,
        61,
        60,
        61,
        17,
        21,
        60,
        21
      ],
      "nuv": [
        0.2125,
        0.2625,
        0.75,
        0.2625,
        0.2125,
        0.7625,
        0.75,
        0.7625
      ],
      "minPos": {
        "x": -21.5,
        "y": -20,
        "z": 0
      },
      "maxPos": {
        "x": 21.5,
        "y": 20,
        "z": 0
      }
    },
    "texture": "abf59023-1679-46eb-8533-8a9ec35f7281@6c48a",
    "packable": true,
    "pixelsToUnit": 100,
    "pivot": {
      "x": 0.5,
      "y": 0.5
    },
    "meshType": 0
  }
}