{
  "__type__": "cc.SpriteFrame",
  "content": {
    "name": "SymbolGlow_03",
    "atlas": "",
    "rect": {
      "x": 9,
      "y": 10,
      "width": 23,
      "height": 23
    },
    "offset": {
      "x": 0.5,
      "y": -1.5
    },
    "originalSize": {
      "width": 40,
      "height": 40
    },
    "rotated": false,
    "capInsets": [
      0,
      0,
      0,
      0
    ],
    "vertices": {
      "rawPosition": [
        -11.5,
        -11.5,
        0,
        11.5,
        -11.5,
        0,
        -11.5,
        11.5,
        0,
        11.5,
        11.5,
        0
      ],
      "indexes": [
        0,
        1,
        2,
        2,
        1,
        3
      ],
      "uv": [
        9,
        30,
        32,
        30,
        9,
        7,
        32,
        7
      ],
      "nuv": [
        0.225,
        0.175,
        0.8,
        0.175,
        0.225,
        0.75,
        0.8,
        0.75
      ],
      "minPos": {
        "x": -11.5,
        "y": -11.5,
        "z": 0
      },
      "maxPos": {
        "x": 11.5,
        "y": 11.5,
        "z": 0
      }
    },
    "texture": "5539827f-1f43-4cf8-b613-36962cf575bb@6c48a",
    "packable": true,
    "pixelsToUnit": 100,
    "pivot": {
      "x": 0.5,
      "y": 0.5
    },
    "meshType": 0
  }
}