{
  "__type__": "cc.SpriteFrame",
  "content": {
    "name": "SymbolGlow_07",
    "atlas": "",
    "rect": {
      "x": 8,
      "y": 7,
      "width": 24,
      "height": 26
    },
    "offset": {
      "x": 0,
      "y": 0
    },
    "originalSize": {
      "width": 40,
      "height": 40
    },
    "rotated": false,
    "capInsets": [
      0,
      0,
      0,
      0
    ],
    "vertices": {
      "rawPosition": [
        -12,
        -13,
        0,
        12,
        -13,
        0,
        -12,
        13,
        0,
        12,
        13,
        0
      ],
      "indexes": [
        0,
        1,
        2,
        2,
        1,
        3
      ],
      "uv": [
        8,
        33,
        32,
        33,
        8,
        7,
        32,
        7
      ],
      "nuv": [
        0.2,
        0.175,
        0.8,
        0.175,
        0.2,
        0.825,
        0.8,
        0.825
      ],
      "minPos": {
        "x": -12,
        "y": -13,
        "z": 0
      },
      "maxPos": {
        "x": 12,
        "y": 13,
        "z": 0
      }
    },
    "texture": "557505eb-ffa3-43e0-8daa-3797cf7ceea4@6c48a",
    "packable": true,
    "pixelsToUnit": 100,
    "pivot": {
      "x": 0.5,
      "y": 0.5
    },
    "meshType": 0
  }
}