{
  "__type__": "cc.SpriteFrame",
  "content": {
    "name": "SymbolGlow_00",
    "atlas": "",
    "rect": {
      "x": 10,
      "y": 8,
      "width": 20,
      "height": 25
    },
    "offset": {
      "x": 0,
      "y": -0.5
    },
    "originalSize": {
      "width": 40,
      "height": 40
    },
    "rotated": false,
    "capInsets": [
      0,
      0,
      0,
      0
    ],
    "vertices": {
      "rawPosition": [
        -10,
        -12.5,
        0,
        10,
        -12.5,
        0,
        -10,
        12.5,
        0,
        10,
        12.5,
        0
      ],
      "indexes": [
        0,
        1,
        2,
        2,
        1,
        3
      ],
      "uv": [
        10,
        32,
        30,
        32,
        10,
        7,
        30,
        7
      ],
      "nuv": [
        0.25,
        0.175,
        0.75,
        0.175,
        0.25,
        0.8,
        0.75,
        0.8
      ],
      "minPos": {
        "x": -10,
        "y": -12.5,
        "z": 0
      },
      "maxPos": {
        "x": 10,
        "y": 12.5,
        "z": 0
      }
    },
    "texture": "55ea1f47-1bae-436c-a38f-a58e84ccaa33@6c48a",
    "packable": true,
    "pixelsToUnit": 100,
    "pivot": {
      "x": 0.5,
      "y": 0.5
    },
    "meshType": 0
  }
}