{
  "gizmos-infos": {
    "is2D": true,
    "is3DIcon": false,
    "iconSize": 2,
    "gridVisible": true,
    "gridColor": [
      150,
      150,
      150,
      255
    ],
    "isIconGizmo3D": false,
    "iconGizmoSize": 2,
    "isGridVisible": true
  },
  "scene": {
    "native": false
  },
  "camera": {
    "fov": 45,
    "far": 10000,
    "near": 0.01,
    "color": [
      48,
      48,
      48,
      255
    ],
    "wheelSpeed": 0.01,
    "wanderSpeed": 10,
    "enableAcceleration": true,
    "far2D": 10000,
    "near2D": 1,
    "wheelSpeed2D": 6,
    "size": "__default_design__"
  },
  "camera-infos": {
    "c77ecaa8-c936-46c4-a5b0-98692673ed87": {
      "position": {
        "x": 639.5,
        "y": 360,
        "z": 5000
      },
      "rotation": {
        "x": 0,
        "y": 0,
        "z": 0,
        "w": 1
      },
      "viewCenter": {
        "x": 0,
        "y": 0,
        "z": 0
      }
    },
    "f49a1535-c16c-426c-90ba-13262afe91ca": {
      "position": {
        "x": 633.75,
        "y": 310.25,
        "z": 5000
      },
      "rotation": {
        "x": 0,
        "y": 0,
        "z": 0,
        "w": 1
      },
      "viewCenter": {
        "x": -0.345998785299215,
        "y": -2.387897724342844,
        "z": 6.137720775443659
      }
    },
    "54adb552-4379-425e-8a49-286935b8c171": {
      "position": {
        "x": 557.5,
        "y": 279,
        "z": 5000
      },
      "rotation": {
        "x": 0,
        "y": 0,
        "z": 0,
        "w": 1
      },
      "viewCenter": {
        "x": -0.345998785299215,
        "y": -2.387897724342844,
        "z": 6.137720775443659
      }
    },
    "0a1d042d-16ba-4956-aede-617cee4dae21": {
      "position": {
        "x": 775,
        "y": 322.75,
        "z": 5000
      },
      "rotation": {
        "x": 0,
        "y": 0,
        "z": 0,
        "w": 1
      },
      "viewCenter": {
        "x": -0.345998785299215,
        "y": -2.387897724342844,
        "z": 6.137720775443659
      }
    },
    "921fbb20-0b0d-41d0-9b30-f35ab47af102": {
      "position": {
        "x": 950.4717669188675,
        "y": 269.7083533942666,
        "z": 5000
      },
      "rotation": {
        "x": 0,
        "y": 0,
        "z": 0,
        "w": 1
      },
      "viewCenter": {
        "x": -0.345998785299215,
        "y": -2.387897724342844,
        "z": 6.137720775443659
      }
    },
    "66781b7b-5de3-45bd-9ff2-bf12cc6f89a2": {
      "position": {
        "x": 639.75,
        "y": 359.75,
        "z": 5000
      },
      "rotation": {
        "x": 0,
        "y": 0,
        "z": 0,
        "w": 1
      },
      "viewCenter": {
        "x": 0,
        "y": 0,
        "z": 0
      }
    },
    "c4617af0-5df1-41d4-a307-558a6d87c3c9": {
      "position": {
        "x": 1125.886614226557,
        "y": 517.5530956697307,
        "z": 5000
      },
      "rotation": {
        "x": 0,
        "y": 0,
        "z": 0,
        "w": 1
      },
      "viewCenter": {
        "x": 0,
        "y": 0,
        "z": 0
      }
    },
    "0ad3a676-d43c-42b1-8145-1c2f89f3946d": {
      "position": {
        "x": 634,
        "y": 352.75,
        "z": 5000
      },
      "rotation": {
        "x": 0,
        "y": 0,
        "z": 0,
        "w": 1
      },
      "viewCenter": {
        "x": 0,
        "y": 0,
        "z": 0
      }
    },
    "77xF07/llEQI+LB3fUJ0d2": {
      "position": {
        "x": 670.1100970914636,
        "y": 370.29392125241736,
        "z": 5000
      },
      "rotation": {
        "x": 0,
        "y": 0,
        "z": 0,
        "w": 1
      },
      "viewCenter": {
        "x": 0,
        "y": 0,
        "z": 0
      }
    },
    "14a+s7ut1Kj4+knDFSl/ck": {
      "position": {
        "x": 971.3190462673656,
        "y": 510.1500861316551,
        "z": 5000
      },
      "rotation": {
        "x": 0,
        "y": 0,
        "z": 0,
        "w": 1
      },
      "viewCenter": {
        "x": 0,
        "y": 0,
        "z": 0
      }
    },
    "52CpNeiH1J24ZqJhiR/h0a": {
      "position": {
        "x": 634,
        "y": 352.75,
        "z": 5000
      },
      "rotation": {
        "x": 0,
        "y": 0,
        "z": 0,
        "w": 1
      },
      "viewCenter": {
        "x": 0,
        "y": 0,
        "z": 0
      }
    }
  },
  "camera-uuids": [
    "c77ecaa8-c936-46c4-a5b0-98692673ed87"
  ],
  "float-window": {
    "position": {
      "cc": {
        "Camera": {
          "dock": false,
          "top": null,
          "bottom": 10,
          "left": null,
          "right": 10
        }
      }
    }
  }
}
