{
  "__type__": "cc.SpriteFrame",
  "content": {
    "name": "ClearStar_00",
    "atlas": "",
    "rect": {
      "x": 0,
      "y": 1,
      "width": 30,
      "height": 29
    },
    "offset": {
      "x": 0,
      "y": -0.5
    },
    "originalSize": {
      "width": 30,
      "height": 30
    },
    "rotated": false,
    "capInsets": [
      0,
      0,
      0,
      0
    ],
    "vertices": {
      "rawPosition": [
        -15,
        -14.5,
        0,
        15,
        -14.5,
        0,
        -15,
        14.5,
        0,
        15,
        14.5,
        0
      ],
      "indexes": [
        0,
        1,
        2,
        2,
        1,
        3
      ],
      "uv": [
        0,
        29,
        30,
        29,
        0,
        0,
        30,
        0
      ],
      "nuv": [
        0,
        0,
        1,
        0,
        0,
        0.9666666666666667,
        1,
        0.9666666666666667
      ],
      "minPos": {
        "x": -15,
        "y": -14.5,
        "z": 0
      },
      "maxPos": {
        "x": 15,
        "y": 14.5,
        "z": 0
      }
    },
    "texture": "ac9c15f4-2523-4462-96dd-44871296cbda@6c48a",
    "packable": true,
    "pixelsToUnit": 100,
    "pivot": {
      "x": 0.5,
      "y": 0.5
    },
    "meshType": 0
  }
}